airport_id,name,city,country,iata_code,icao_code,latitude,longitude,utc_offset,dst,timezone,type,source,elevation_ft,max_runway_length_ft
628,Aalborg Airport,Aalborg,Denmark,AAL,EKYT,57.0927589138,9.84924316406,1,E,Europe/Copenhagen,airport,OurAirports,10,8707
607,Aarhus Airport,Aarhus,Denmark,AAR,EKAH,56.2999992371,10.619000434900000,1,E,Europe/Copenhagen,airport,OurAirports,82,9111
4019,Albuquerque International Sunport,Albuquerque,United States,ABQ,KABQ,35.040199,-106.609001,-7,A,America/Denver,airport,OurAirports,5355,13793
1127,Abu Simbel Airport,Abu Simbel,Egypt,ABS,HEBL,22.375999450700000,31.611700058,2,U,Africa/Cairo,airport,OurAirports,614,9843
532,Aberdeen Dyce Airport,Aberdeen,United Kingdom,ABZ,EGPD,57.201900482177700,-2.197779893875120,0,E,Europe/London,airport,OurAirports,215,6407
1783,General Juan N Alvarez International Airport,Acapulco,Mexico,ACA,MMAA,16.757099151611300,-99.75399780273440,-6,S,America/Mexico_City,airport,OurAirports,16,10832
3517,Nantucket Memorial Airport,Nantucket,United States,ACK,KACK,41.25310135,-70.06020355,-5,A,America/New_York,airport,OurAirports,47,6303
3524,Atlantic City International Airport,Atlantic City,United States,ACY,KACY,39.45759963989260,-74.57720184326170,-5,A,America/New_York,airport,OurAirports,75,10001
1706,Adnan Menderes International Airport,Izmir,Turkey,ADB,LTBJ,38.2924003601,27.156999588,3,E,Europe/Istanbul,airport,OurAirports,412,10630
1107,Addis Ababa Bole International Airport,Addis Ababa,Ethiopia,ADD,HAAB,8.97789001465,38.799301147500000,3,U,Africa/Addis_Ababa,airport,OurAirports,7630,12467
3341,Adelaide International Airport,Adelaide,Australia,ADL,YPAD,-34.945,138.531006,9.5,O,Australia/Adelaide,airport,OurAirports,20,10171
2749,Gustavo Rojas Pinilla International Airport,San Andres Island,Colombia,ADZ,SKSP,12.5836,-81.7112,-5,U,America/Bogota,airport,OurAirports,19,7808
2442,Jorge Newbery Airpark,Buenos Aires,Argentina,AEP,SABE,-34.5592,-58.4156,-3,N,America/Buenos_Aires,airport,OurAirports,18,7710
5597,Ängelholm-Helsingborg Airport,Ängelholm,Sweden,AGH,ESTA,56.29610061645510,12.847100257873500,1,E,Europe/Stockholm,airport,OurAirports,68,6381
1230,Málaga Airport,Malaga,Spain,AGP,LEMG,36.67490005493160,-4.499110221862790,1,E,Europe/Madrid,airport,OurAirports,53,10500
3658,Augusta Regional At Bush Field,Bush Field,United States,AGS,KAGS,33.36989974975590,-81.9645004272461,-5,A,America/New_York,airport,OurAirports,144,8001
1324,Ajaccio-Napoléon Bonaparte Airport,Ajaccio,France,AJA,LFKJ,41.92359924316410,8.8029203414917,1,E,Europe/Paris,airport,OurAirports,18,7897
2006,Auckland International Airport,Auckland,New Zealand,AKL,NZAA,-37.008098602300000,174.792007446,12,Z,Pacific/Auckland,airport,OurAirports,23,11926
1212,Alicante International Airport,Alicante,Spain,ALC,LEAL,38.28219985961910,-0.5581560134887700,1,E,Europe/Madrid,airport,OurAirports,142,9842
2170,Queen Alia International Airport,Amman,Jordan,AMM,OJAI,31.7226009369,35.9931983948,2,E,Asia/Amman,airport,OurAirports,2395,12008
580,Amsterdam Airport Schiphol,Amsterdam,Netherlands,AMS,EHAM,52.308601,4.76389,1,E,Europe/Amsterdam,airport,OurAirports,-11,12467
2651,Andrés Sabella Gálvez International Airport,Antofagasta,Chile,ANF,SCFA,-23.444501,-70.445099,-4,S,America/Santiago,airport,OurAirports,455,9186
299,Antwerp International Airport (Deurne),Antwerp,Belgium,ANR,EBAW,51.1893997192,4.46027994156,1,E,Europe/Brussels,airport,OurAirports,39,4954
4309,Ancona Falconara Airport,Ancona,Italy,AOI,LIPY,43.616299,13.3623,1,E,Europe/Rome,airport,OurAirports,49,9718
2172,Aqaba King Hussein International Airport,Aqaba,Jordan,AQJ,OJAQ,29.611600875854500,35.01810073852540,2,E,Asia/Amman,airport,OurAirports,175,9855
2802,Rodríguez Ballón International Airport,Arequipa,Peru,AQP,SPQU,-16.3411006927,-71.5830993652,-5,U,America/Lima,airport,OurAirports,8405,9777
737,Stockholm-Arlanda Airport,Stockholm,Sweden,ARN,ESSA,59.651901245117,17.918600082397,1,E,Europe/Stockholm,airport,OurAirports,137,10830
3319,Alice Springs Airport,Alice Springs,Australia,ASP,YBAS,-23.806699752807600,133.90199279785200,9.5,N,Australia/Darwin,airport,OurAirports,1789,7999
5692,Amboseli Airport,Amboseli National Park,Kenya,ASV,HKAM,-2.645050048828130,37.25310134887700,3,U,Africa/Nairobi,airport,OurAirports,3755,3284
1136,Aswan International Airport,Aswan,Egypt,ASW,HESN,23.9643993378,32.8199996948,2,U,Africa/Cairo,airport,OurAirports,650,11161
3941,Eleftherios Venizelos International Airport,Athens,Greece,ATH,LGAV,37.9364013672,23.9444999695,2,E,Europe/Athens,airport,OurAirports,308,13123
3682,Hartsfield Jackson Atlanta International Airport,Atlanta,United States,ATL,KATL,33.6367,-84.428101,-5,A,America/New_York,airport,OurAirports,1026,12390
2895,Queen Beatrix International Airport,Oranjestad,Aruba,AUA,TNCA,12.5014,-70.015198,-4,U,America/Aruba,airport,OurAirports,60,9000
2179,Abu Dhabi International Airport,Abu Dhabi,United Arab Emirates,AUH,OMAA,24.433000564575200,54.651100158691400,4,U,Asia/Dubai,airport,OurAirports,88,13471
3673,Austin Bergstrom International Airport,Austin,United States,AUS,KAUS,30.194499969482400,-97.6698989868164,-6,A,America/Chicago,airport,OurAirports,542,12250
5810,Samaná El Catey International Airport,Samana,Dominican Republic,AZS,MDCY,19.2670001984,-69.7419967651,-4,U,America/Santo_Domingo,airport,OurAirports,30,9843
2057,Bahrain International Airport,Bahrain,Bahrain,BAH,OBBI,26.27079963684080,50.63359832763670,3,U,Asia/Bahrain,airport,OurAirports,6,12979
2710,Ernesto Cortissoz International Airport,Barranquilla,Colombia,BAQ,SKBQ,10.8896,-74.7808,-5,U,America/Bogota,airport,OurAirports,98,9842
6346,Baotou Airport,Baotou,China,BAV,ZBOW,40.560001373291000,109.99700164794900,8,U,Asia/Shanghai,airport,OurAirports,3321,9186
2423,Bacolod-Silay Airport,Bacolod,Philippines,BCD,RPVB,10.7764,123.014999,8,N,Asia/Manila,airport,OurAirports,82,6562
1218,Barcelona International Airport,Barcelona,Spain,BCN,LEBL,41.2971,2.07846,1,E,Europe/Madrid,airport,OurAirports,12,10997
1739,Belgrade Nikola Tesla Airport,Belgrade,Serbia,BEG,LYBE,44.8184013367,20.3090991974,1,E,Europe/Belgrade,airport,OurAirports,335,11483
2526,Val de Cans/Júlio Cezar Ribeiro International Airport,Belem,Brazil,BEL,SBBE,-1.3792500495900000,-48.4762992859,-3,S,America/Belem,airport,OurAirports,54,9186
3726,Boeing Field King County International Airport,Seattle,United States,BFI,KBFI,47.529998779296900,-122.302001953125,-8,A,America/Los_Angeles,airport,OurAirports,21,10007
465,Belfast International Airport,Belfast,United Kingdom,BFS,EGAA,54.6575012207,-6.2158298492400000,0,E,Europe/London,airport,OurAirports,268,9121
1525,Il Caravaggio International Airport,Bergamo,Italy,BGY,LIME,45.673901,9.70417,1,E,Europe/Rome,airport,OurAirports,782,9429
467,George Best Belfast City Airport,Belfast,United Kingdom,BHD,EGAC,54.618099212646500,-5.872499942779540,0,E,Europe/London,airport,OurAirports,15,6001
3811,Birmingham-Shuttlesworth International Airport,Birmingham,United States,BHM,KBHM,33.56290054,-86.75350189,-6,A,America/Chicago,airport,OurAirports,650,12007
469,Birmingham International Airport,Birmingham,United Kingdom,BHX,EGBB,52.453899383500000,-1.74802994728,0,E,Europe/London,airport,OurAirports,327,10013
1216,Bilbao Airport,Bilbao,Spain,BIO,LEBB,43.30110168457030,-2.9106099605560300,1,E,Europe/Madrid,airport,OurAirports,138,8530
4315,Milas Bodrum International Airport,Bodrum,Turkey,BJV,LTFE,37.25059890750000,27.6643009186,3,E,Europe/Istanbul,airport,OurAirports,21,9843
3269,Kota Kinabalu International Airport,Kota Kinabalu,Malaysia,BKI,WBKK,5.9372100830078100,116.0510025024410,8,N,Asia/Kuala_Lumpur,airport,OurAirports,10,12402
3885,Suvarnabhumi Airport,Bangkok,Thailand,BKK,VTBS,13.681099891662600,100.74700164794900,7,U,Asia/Bangkok,airport,OurAirports,5,13123
514,Blackpool International Airport,Blackpool,United Kingdom,BLK,EGNH,53.77170181274410,-3.0286099910736100,0,E,Europe/London,airport,OurAirports,34,6129
608,Billund Airport,Billund,Denmark,BLL,EKBI,55.7402992249,9.15178012848,1,E,Europe/Copenhagen,airport,OurAirports,247,10172
1538,Bologna Guglielmo Marconi Airport,Bologna,Italy,BLQ,LIPE,44.5354,11.2887,1,E,Europe/Rome,airport,OurAirports,123,9196
738,Stockholm-Bromma Airport,Stockholm,Sweden,BMA,ESSB,59.354400634765600,17.941699981689500,1,E,Europe/Stockholm,airport,OurAirports,47,5472
4037,Central Illinois Regional Airport at Bloomington-Normal,Bloomington,United States,BMI,KBMI,40.47710037,-88.91590118,-6,A,America/Chicago,airport,OurAirports,871,8000
3690,Nashville International Airport,Nashville,United States,BNA,KBNA,36.1245002746582,-86.6781997680664,-6,A,America/Chicago,airport,OurAirports,599,11030
3320,Brisbane International Airport,Brisbane,Australia,BNE,YBBN,-27.384199142456100,153.11700439453100,10,N,Australia/Brisbane,airport,OurAirports,13,11680
1264,Bordeaux-Mérignac Airport,Bordeaux,France,BOD,LFBD,44.828300476100000,-0.715556025505,1,E,Europe/Paris,airport,OurAirports,162,10171
2709,El Dorado International Airport,Bogota,Colombia,BOG,SKBO,4.70159,-74.1469,-5,U,America/Bogota,airport,OurAirports,8361,12467
494,Bournemouth Airport,Bournemouth,United Kingdom,BOH,EGHH,50.779998779296900,-1.8424999713897700,0,E,Europe/London,airport,OurAirports,38,7454
3495,Boise Air Terminal/Gowen Field,Boise,United States,BOI,KBOI,43.5644,-116.223,-7,A,America/Denver,airport,OurAirports,2871,10000
2997,Chhatrapati Shivaji International Airport,Mumbai,India,BOM,VABB,19.0886993408,72.8678970337,5.5,N,Asia/Calcutta,airport,OurAirports,39,11511
3448,General Edward Lawrence Logan International Airport,Boston,United States,BOS,KBOS,42.36429977,-71.00520325,-5,A,America/New_York,airport,OurAirports,20,10083
353,Bremen Airport,Bremen,Germany,BRE,EDDW,53.0475006104,8.78666973114,1,E,Europe/Berlin,airport,OurAirports,14,8642
1588,Brno-Tuřany Airport,Brno,Czech Republic,BRQ,LKTB,49.15129852294920,16.694400787353500,1,E,Europe/Prague,airport,OurAirports,778,8694
490,Bristol Airport,Bristol,United Kingdom,BRS,EGGD,51.382702,-2.71909,0,E,Europe/London,airport,OurAirports,622,6597
302,Brussels Airport,Brussels,Belgium,BRU,EBBR,50.901401519800000,4.48443984985,1,E,Europe/Brussels,airport,OurAirports,175,11936
2531,Presidente Juscelino Kubistschek International Airport,Brasilia,Brazil,BSB,SBBR,-15.86916732788090,-47.920833587646500,-3,S,America/Sao_Paulo,airport,OurAirports,3497,10827
3903,Hang Nadim International Airport,Batam,Indonesia,BTH,WIDD,1.12102997303,104.119003296,7,N,Asia/Jakarta,airport,OurAirports,126,13218
3294,Sultan Iskandar Muda International Airport,Banda Aceh,Indonesia,BTJ,WITT,5.522872024010000,95.42063713070000,7,N,Asia/Jakarta,airport,OurAirports,65,9843
1745,M. R. Štefánik Airport,Bratislava,Slovakia,BTS,LZIB,48.17020034790040,17.21269989013670,1,E,Europe/Bratislava,airport,OurAirports,436,10466
1489,Budapest Liszt Ferenc International Airport,Budapest,Hungary,BUD,LHBP,47.42976,19.261093,1,E,Europe/Budapest,airport,OurAirports,495,12162
3820,Buffalo Niagara International Airport,Buffalo,United States,BUF,KBUF,42.94049835,-78.73220062,-5,A,America/New_York,airport,OurAirports,728,8829
1367,Paris Beauvais Tillé Airport,Beauvais,France,BVA,LFOB,49.45439910888670,2.1127800941467300,1,E,Europe/Paris,airport,OurAirports,359,7972
3849,Baltimore/Washington International Thurgood Marshall Airport,Baltimore,United States,BWI,KBWI,39.1754,-76.668297,-5,A,America/New_York,airport,OurAirports,146,10503
5591,Bydgoszcz Ignacy Jan Paderewski Airport,Bydgoszcz,Poland,BZG,EPBY,53.096801757800000,17.9776992798,1,E,Europe/Warsaw,airport,OurAirports,235,8202
1128,Cairo International Airport,Cairo,Egypt,CAI,HECA,30.12190055847170,31.40559959411620,2,U,Africa/Cairo,airport,OurAirports,322,13124
3370,Guangzhou Baiyun International Airport,Guangzhou,China,CAN,ZGGG,23.39240074157720,113.29900360107400,8,U,Asia/Shanghai,airport,OurAirports,50,12467
3355,Canberra International Airport,Canberra,Australia,CBR,YSCB,-35.30690002441410,149.19500732421900,10,O,Australia/Sydney,airport,OurAirports,1886,10771
2656,Carriel Sur Airport,Concepcion,Chile,CCP,SCIE,-36.772701,-73.063103,-4,S,America/Santiago,airport,OurAirports,26,8530
3043,Netaji Subhash Chandra Bose International Airport,Kolkata,India,CCU,VECC,22.654699325561500,88.44670104980470,5.5,N,Asia/Calcutta,airport,OurAirports,16,11919
1382,Charles de Gaulle International Airport,Paris,France,CDG,LFPG,49.012798,2.55,1,E,Europe/Paris,airport,OurAirports,392,13829
4206,Mactan Cebu International Airport,Cebu,Philippines,CEB,RPVM,10.307499885559,123.97899627686,8,N,Asia/Manila,airport,OurAirports,31,10860
3932,Chiang Rai International Airport,Chiang Rai,Thailand,CEI,VTCT,19.952299118,99.88289642330000,7,U,Asia/Bangkok,airport,OurAirports,1280,9843
1330,Clermont-Ferrand Auvergne Airport,Clermont-Ferrand,France,CFE,LFLC,45.7867012024,3.1691699028,1,E,Europe/Paris,airport,OurAirports,1090,9885
1460,Ioannis Kapodistrias International Airport,Kerkyra/corfu,Greece,CFU,LGKR,39.601898193359400,19.911699295043900,2,E,Europe/Athens,airport,OurAirports,6,7792
2618,Congonhas Airport,Sao Paulo,Brazil,CGH,SBSP,-23.626110076904300,-46.65638732910160,-3,S,America/Sao_Paulo,airport,OurAirports,2631,6365
3275,Soekarno-Hatta International Airport,Jakarta,Indonesia,CGK,WIII,-6.1255698204,106.65599823,7,N,Asia/Jakarta,airport,OurAirports,34,12008
344,Cologne Bonn Airport,Cologne,Germany,CGN,EDDK,50.8658981323,7.1427397728,1,E,Europe/Berlin,airport,OurAirports,302,12516
3375,Zhengzhou Xinzheng International Airport,Zhengzhou,China,CGO,ZHCC,34.519699096700000,113.841003418,8,U,Asia/Shanghai,airport,OurAirports,495,11811
2538,Campo Grande Airport,Campo Grande,Brazil,CGR,SBCG,-20.468700408900000,-54.6725006104,-4,S,America/Campo_Grande,airport,OurAirports,1833,8530
3578,Lovell Field,Chattanooga,United States,CHA,KCHA,35.035301208496100,-85.20379638671880,-5,A,America/New_York,airport,OurAirports,683,7400
2009,Christchurch International Airport,Christchurch,New Zealand,CHC,NZCH,-43.48939895629880,172.53199768066400,12,Z,Pacific/Auckland,airport,OurAirports,123,10787
1474,Chania International Airport,Chania,Greece,CHQ,LGSA,35.531700134277300,24.149700164794900,2,E,Europe/Athens,airport,OurAirports,490,10982
3806,Charleston Air Force Base-International Airport,Charleston,United States,CHS,KCHS,32.89860153,-80.04049683,-5,A,America/New_York,airport,OurAirports,46,9001
1553,Ciampino–G. B. Pastine International Airport,Rome,Italy,CIA,LIRA,41.7994,12.5949,1,E,Europe/Rome,airport,OurAirports,427,7226
9327,Comiso Airport,Comiso,Italy,CIY,LICB,36.994601,14.607182,1,E,Europe/Rome,airport,OurAirports,756,8070
1796,Abraham González International Airport,Ciudad Juarez,Mexico,CJS,MMCS,31.63610076904300,-106.42900085449200,-7,S,America/Mazatlan,airport,OurAirports,3904,8858
2370,Jeju International Airport,Jeju,South Korea,CJU,RKPC,33.51129913330080,126.49299621582000,9,U,Asia/Seoul,airport,OurAirports,118,10433
3393,Chongqing Jiangbei International Airport,Chongqing,China,CKG,ZUCK,29.719200134277300,106.64199829101600,8,U,Asia/Shanghai,airport,OurAirports,1365,12467
3486,Cleveland Hopkins International Airport,Cleveland,United States,CLE,KCLE,41.4117012024,-81.8498001099,-5,A,America/New_York,airport,OurAirports,791,9953
1652,Cluj-Napoca International Airport,Cluj-napoca,Romania,CLJ,LRCL,46.78519821166990,23.686199188232400,2,E,Europe/Bucharest,airport,OurAirports,1039,6693
2715,Alfonso Bonilla Aragon International Airport,Cali,Colombia,CLO,SKCL,3.54322,-76.3816,-5,U,America/Bogota,airport,OurAirports,3162,9842
3024,Bandaranaike International Colombo Airport,Colombo,Sri Lanka,CMB,VCBI,7.180759906768800,79.88410186767580,5.5,U,Asia/Colombo,airport,OurAirports,30,10991
3759,John Glenn Columbus International Airport,Columbus,United States,CMH,KCMH,39.998001,-82.891899,-5,A,America/New_York,airport,OurAirports,815,10114
1074,Mohammed V International Airport,Casablanca,Morocco,CMN,GMMN,33.36750030517580,-7.589970111846920,0,N,Africa/Casablanca,airport,OurAirports,656,12205
2537,Tancredo Neves International Airport,Belo Horizonte,Brazil,CNF,SBCF,-19.62444305419920,-43.97194290161130,-3,S,America/Sao_Paulo,airport,OurAirports,2721,11811
3322,Cairns International Airport,Cairns,Australia,CNS,YBCS,-16.885799408,145.755004883,10,N,Australia/Brisbane,airport,OurAirports,10,10489
3931,Chiang Mai International Airport,Chiang Mai,Thailand,CNX,VTCC,18.766799926800000,98.962600708,7,U,Asia/Bangkok,airport,OurAirports,1036,11155
2443,Ingeniero Ambrosio Taravella Airport,Cordoba,Argentina,COR,SACO,-31.323601,-64.208,-3,N,America/Cordoba,airport,OurAirports,1604,10499
3819,City of Colorado Springs Municipal Airport,Colorado Springs,United States,COS,KCOS,38.805801,-104.700996,-7,A,America/Denver,airport,OurAirports,6187,13500
609,Copenhagen Kastrup Airport,Copenhagen,Denmark,CPH,EKCH,55.617900848389,12.656000137329,1,E,Europe/Copenhagen,airport,OurAirports,17,11811
797,Cape Town International Airport,Cape Town,South Africa,CPT,FACT,-33.9648017883,18.6016998291,2,U,Africa/Johannesburg,airport,OurAirports,151,10502
4140,Diosdado Macapagal International Airport,Angeles City,Philippines,CRK,RPLC,15.186,120.559998,8,N,Asia/Manila,airport,OurAirports,484,10499
304,Brussels South Charleroi Airport,Charleroi,Belgium,CRL,EBCI,50.459202,4.45382,1,E,Europe/Brussels,airport,OurAirports,614,10023
3371,Changsha Huanghua International Airport,Changcha,China,CSX,ZGHA,28.189199447600000,113.220001221,8,U,Asia/Shanghai,airport,OurAirports,217,12467
2714,Rafael Nuñez International Airport,Cartagena,Colombia,CTG,SKCG,10.4424,-75.513,-5,U,America/Bogota,airport,OurAirports,4,8530
2287,New Chitose Airport,Sapporo,Japan,CTS,RJCC,42.77519989013670,141.69200134277300,9,U,Asia/Tokyo,airport,OurAirports,82,9843
3395,Chengdu Shuangliu International Airport,Chengdu,China,CTU,ZUUU,30.578500747680700,103.9469985961910,8,U,Asia/Shanghai,airport,OurAirports,1625,11811
1797,General Roberto Fierro Villalobos International Airport,Chihuahua,Mexico,CUU,MMCU,28.702899932900000,-105.964996338,-7,S,America/Mazatlan,airport,OurAirports,4462,8530
2812,Alejandro Velasco Astete International Airport,Cuzco,Peru,CUZ,SPZO,-13.535699844400000,-71.9387969971,-5,U,America/Lima,airport,OurAirports,10860,11146
3488,Cincinnati Northern Kentucky International Airport,Cincinnati,United States,CVG,KCVG,39.0488014221,-84.6678009033,-5,A,America/New_York,airport,OurAirports,896,12001
488,Cardiff International Airport,Cardiff,United Kingdom,CWL,EGFF,51.39670181274410,-3.343329906463620,0,E,Europe/London,airport,OurAirports,220,7723
6189,Cam Ranh Airport,Nha Trang,Vietnam,CXR,VVCR,11.998200416564900,109.21900177002000,7,U,Asia/Saigon,airport,OurAirports,40,10000
1800,Cozumel International Airport,Cozumel,Mexico,CZM,MMCZ,20.52239990234380,-86.92559814453130,-5,S,America/Cancun,airport,OurAirports,15,8858
3196,Da Nang International Airport,Danang,Vietnam,DAD,VVDN,16.043899536132800,108.1989974975590,7,U,Asia/Saigon,airport,OurAirports,33,11483
3502,Dallas Love Field,Dallas,United States,DAL,KDAL,32.847099,-96.851799,-6,A,America/Chicago,airport,OurAirports,487,8800
3627,James M Cox Dayton International Airport,Dayton,United States,DAY,KDAY,39.902400970459000,-84.21939849853520,-5,A,America/New_York,airport,OurAirports,1009,10901
1200,Dubrovnik Airport,Dubrovnik,Croatia,DBV,LDDU,42.5614013671875,18.268199920654300,1,E,Europe/Zagreb,airport,OurAirports,527,10597
3520,Ronald Reagan Washington National Airport,Washington,United States,DCA,KDCA,38.8521,-77.037697,-5,A,America/New_York,airport,OurAirports,15,7169
3093,Indira Gandhi International Airport,Delhi,India,DEL,VIDP,28.5665,77.103104,5.5,N,Asia/Calcutta,airport,OurAirports,777,14534
3751,Denver International Airport,Denver,United States,DEN,KDEN,39.861698150635,-104.672996521,-7,A,America/Denver,airport,OurAirports,5431,16000
3670,Dallas Fort Worth International Airport,Dallas-Fort Worth,United States,DFW,KDFW,32.896801,-97.038002,-6,A,America/Chicago,airport,OurAirports,607,13401
897,Douala International Airport,Douala,Cameroon,DLA,FKKD,4.0060801506,9.719479560850000,1,N,Africa/Douala,airport,OurAirports,33,9350
3404,Zhoushuizi Airport,Dalian,China,DLC,ZYTL,38.9656982421875,121.53900146484400,8,U,Asia/Shanghai,airport,OurAirports,107,10827
4153,Lien Khuong Airport,Dalat,Vietnam,DLI,VVDL,11.75,108.366997,7,U,Asia/Saigon,airport,OurAirports,3156,10663
1715,Dalaman International Airport,Dalaman,Turkey,DLM,LTBS,36.7131004333,28.7924995422,3,E,Europe/Istanbul,airport,OurAirports,20,9842
3157,Don Mueang International Airport,Bangkok,Thailand,DMK,VTBD,13.9125995636,100.607002258,7,U,Asia/Bangkok,airport,OurAirports,9,12139
11051,Hamad International Airport,Doha,Qatar,DOH,OTHH,25.273056,51.608056,3,N,,airport,OurAirports,13,15912
2877,Douglas-Charles Airport,Dominica,Dominica,DOM,TDPD,15.547,-61.299999,-4,U,America/Dominica,airport,OurAirports,73,6352
3940,Ngurah Rai (Bali) International Airport,Denpasar,Indonesia,DPS,WADD,-8.7481698989868,115.16699981689,8,N,Asia/Makassar,airport,OurAirports,14,9790
338,Dresden Airport,Dresden,Germany,DRS,EDDC,51.1328010559082,13.767200469970700,1,E,Europe/Berlin,airport,OurAirports,755,9350
3999,Darwin International Airport,Darwin,Australia,DRW,YPDN,-12.41469955444340,130.8769989013670,9.5,N,Australia/Darwin,airport,OurAirports,103,11004
3729,Des Moines International Airport,Des Moines,United States,DSM,KDSM,41.534000396728500,-93.66310119628910,-6,A,America/Chicago,airport,OurAirports,958,9004
373,Dortmund Airport,Dortmund,Germany,DTM,EDLW,51.51829910280000,7.61223983765,1,E,Europe/Berlin,airport,OurAirports,425,6562
599,Dublin Airport,Dublin,Ireland,DUB,EIDW,53.421299,-6.27007,0,E,Europe/Dublin,airport,OurAirports,242,10203
799,King Shaka International Airport,Durban,South Africa,DUR,FALE,-29.6144444444,31.1197222222,2,U,Africa/Johannesburg,airport,OurAirports,295,12139
345,Düsseldorf Airport,Duesseldorf,Germany,DUS,EDDL,51.289501,6.76678,1,E,Europe/Berlin,airport,OurAirports,147,9842
4090,Francisco Bangoy International Airport,Davao,Philippines,DVO,RPMD,7.1255202293396,125.64600372314500,8,N,Asia/Manila,airport,OurAirports,96,9842
2188,Dubai International Airport,Dubai,United Arab Emirates,DXB,OMDB,25.2527999878,55.3643989563,4,U,Asia/Dubai,airport,OurAirports,62,14590
6353,Dayong Airport,Dayong,China,DYG,ZGDY,29.1028,110.443001,8,U,Asia/Shanghai,airport,OurAirports,8530,8530
2075,Nejran Airport,Nejran,Saudi Arabia,EAM,OENG,17.611400604248000,44.4192008972168,3,U,Asia/Riyadh,airport,OurAirports,3982,10007
1242,San Sebastian Airport,San Sebastian,Spain,EAS,LESO,43.35649871826170,-1.7906099557876600,1,E,Europe/Madrid,airport,OurAirports,16,5755
610,Esbjerg Airport,Esbjerg,Denmark,EBJ,EKEB,55.525902,8.5534,1,E,Europe/Copenhagen,airport,OurAirports,97,8527
5780,Ercan International Airport,Nicosia,Cyprus,ECN,LCEN,35.154701232910200,33.49610137939450,2,E,Asia/Nicosia,airport,OurAirports,404,10498
535,Edinburgh Airport,Edinburgh,United Kingdom,EDI,EGPH,55.95000076293950,-3.372499942779540,0,E,Europe/London,airport,OurAirports,135,8392
1138,Eldoret International Airport,Eldoret,Kenya,EDL,HKEL,0.4044579863548280,35.23889923095700,3,U,Africa/Nairobi,airport,OurAirports,6941,11480
585,Eindhoven Airport,Eindhoven,Netherlands,EIN,EHEH,51.4500999451,5.37452983856,1,E,Europe/Amsterdam,airport,OurAirports,74,9843
3559,El Paso International Airport,El Paso,United States,ELP,KELP,31.80719948,-106.3779984,-7,A,America/Denver,airport,OurAirports,3959,12020
800,Ben Schoeman Airport,East London,South Africa,ELS,FAEL,-33.0355987549,27.825899124100000,2,U,Africa/Johannesburg,airport,OurAirports,435,6362
523,East Midlands Airport,East Midlands,United Kingdom,EMA,EGNX,52.8311004639,-1.32806003094,0,E,Europe/London,airport,OurAirports,306,9495
2729,Enrique Olaya Herrera Airport,Medellin,Colombia,EOH,SKMD,6.220549,-75.590582,-5,U,America/Bogota,airport,OurAirports,4949,8202
1682,Esenboğa International Airport,Ankara,Turkey,ESB,LTAC,40.128101348900000,32.995098114,3,E,Europe/Istanbul,airport,OurAirports,3125,12303
3494,Newark Liberty International Airport,Newark,United States,EWR,KEWR,40.692501068115200,-74.168701171875,-5,A,America/New_York,airport,OurAirports,18,11000
552,Exeter International Airport,Exeter,United Kingdom,EXT,EGTE,50.73440170288090,-3.4138898849487300,0,E,Europe/London,airport,OurAirports,102,6811
3988,Ministro Pistarini International Airport,Buenos Aires,Argentina,EZE,SAEZ,-34.8222,-58.5358,-3,N,America/Buenos_Aires,airport,OurAirports,67,10827
3832,Fairbanks International Airport,Fairbanks,United States,FAI,PAFA,64.81510162,-147.8560028,-9,A,America/Anchorage,airport,OurAirports,439,11800
1626,Faro Airport,Faro,Portugal,FAO,LPFR,37.0144004822,-7.96590995789,0,E,Europe/Lisbon,airport,OurAirports,24,8169
3687,Fresno Yosemite International Airport,Fresno,United States,FAT,KFAT,36.77619934082030,-119.71800231933600,-8,A,America/Los_Angeles,airport,OurAirports,336,9539
1555,Leonardo da Vinci–Fiumicino Airport,Rome,Italy,FCO,LIRF,41.8002778,12.2388889,1,E,Europe/Rome,airport,OurAirports,13,12801
1066,Saïss Airport,Fes,Morocco,FEZ,GMFF,33.9272994995,-4.977960109710000,0,N,Africa/Casablanca,airport,OurAirports,1900,10499
4166,Karlsruhe Baden-Baden Airport,Karlsruhe/Baden-Baden,Germany,FKB,EDSB,48.7793998718,8.08049964905,1,E,Europe/Berlin,airport,OurAirports,408,9787
5999,Fukushima Airport,Fukushima,Japan,FKS,RJSF,37.22740173339840,140.43099975585900,9,U,Asia/Tokyo,airport,OurAirports,1221,8202
3533,Fort Lauderdale Hollywood International Airport,Fort Lauderdale,United States,FLL,KFLL,26.072599,-80.152702,-5,A,America/New_York,airport,OurAirports,9,9000
2555,Hercílio Luz International Airport,Florianopolis,Brazil,FLN,SBFL,-27.670278549194300,-48.5525016784668,-3,S,America/Sao_Paulo,airport,OurAirports,16,7874
1563,Peretola Airport,Florence,Italy,FLR,LIRQ,43.810001,11.2051,1,E,Europe/Rome,airport,OurAirports,142,5118
3986,Memmingen Allgau Airport,Memmingen,Germany,FMM,EDJA,47.988800048800000,10.2395000458,1,E,Europe/Berlin,airport,OurAirports,2077,8629
4091,Madeira Airport,Funchal,Portugal,FNC,LPMA,32.697899,-16.7745,0,E,Europe/Lisbon,airport,OurAirports,192,9110
3385,Fuzhou Changle International Airport,Fuzhou,China,FOC,ZSFZ,25.935100555419900,119.66300201416000,8,U,Asia/Shanghai,airport,OurAirports,46,11841
340,Frankfurt am Main Airport,Frankfurt,Germany,FRA,EDDF,50.033333,8.570556,1,E,Europe/Berlin,airport,OurAirports,364,13123
4061,El Calafate Airport,El Calafate,Argentina,FTE,SAWC,-50.2803,-72.053101,-3,N,America/Argentina/Rio_Gallegos,airport,OurAirports,669,8366
1051,Fuerteventura Airport,Fuerteventura,Spain,FUE,GCFV,28.452699661254900,-13.863800048828100,0,E,Atlantic/Canary,airport,OurAirports,85,11598
2305,Fukuoka Airport,Fukuoka,Japan,FUK,RJFF,33.585899353027300,130.4510040283200,9,U,Asia/Tokyo,airport,OurAirports,32,9186
881,Sir Seretse Khama International Airport,Gabarone,Botswana,GBE,FBSK,-24.555201,25.9182,2,U,Africa/Gaborone,airport,OurAirports,3299,13123
3497,Garden City Regional Airport,Garden City,United States,GCK,KGCK,37.9275016785,-100.723999023,-6,A,America/Chicago,airport,OurAirports,2891,7299
1804,Don Miguel Hidalgo Y Costilla International Airport,Guadalajara,Mexico,GDL,MMGL,20.521799087524400,-103.31099700927700,-6,S,America/Mexico_City,airport,OurAirports,5016,13123
668,Gdańsk Lech Wałęsa Airport,Gdansk,Poland,GDN,EPGD,54.377601623535200,18.46619987487790,1,E,Europe/Warsaw,airport,OurAirports,489,9186
3467,Spokane International Airport,Spokane,United States,GEG,KGEG,47.61989974975590,-117.53399658203100,-8,A,America/Los_Angeles,airport,OurAirports,2376,11002
3442,Grand Forks International Airport,Grand Forks,United States,GFK,KGFK,47.949299,-97.176102,-6,A,America/Chicago,airport,OurAirports,845,7351
2560,Rio Galeão – Tom Jobim International Airport,Rio De Janeiro,Brazil,GIG,SBGL,-22.8099994659,-43.2505569458,-3,S,America/Sao_Paulo,airport,OurAirports,28,13123
534,Glasgow International Airport,Glasgow,United Kingdom,GLA,EGPF,55.8718986511,-4.43306016922,0,E,Europe/London,airport,OurAirports,26,8730
2378,Gimpo International Airport,Seoul,South Korea,GMP,RKSS,37.5583,126.791,9,U,Asia/Seoul,airport,OurAirports,59,11811
1528,Genoa Cristoforo Colombo Airport,Genoa,Italy,GOA,LIMJ,44.4133,8.8375,1,E,Europe/Rome,airport,OurAirports,13,9564
3007,Dabolim Airport,Goa,India,GOI,VAGO,15.3808002472,73.8313980103,5.5,N,Asia/Calcutta,airport,OurAirports,150,11345
687,Gothenburg-Landvetter Airport,Gothenborg,Sweden,GOT,ESGG,57.662799835205,12.279800415039,1,E,Europe/Stockholm,airport,OurAirports,506,10823
901,Garoua International Airport,Garoua,Cameroon,GOU,FKKR,9.33588981628418,13.370100021362300,1,N,Africa/Douala,airport,OurAirports,794,11032
1473,Araxos Airport,Patras,Greece,GPA,LGRX,38.1511,21.4256,2,E,Europe/Athens,airport,OurAirports,46,10997
2672,Seymour Airport,Galapagos,Ecuador,GPS,SEGS,-0.45375800132751500,-90.26589965820310,-6,U,Pacific/Galapagos,airport,OurAirports,207,7877
3653,Austin Straubel International Airport,Green Bay,United States,GRB,KGRB,44.48509979248050,-88.12960052490230,-6,A,America/Chicago,airport,OurAirports,695,8700
804,George Airport,George,South Africa,GRJ,FAGG,-34.0056,22.378902,2,U,Africa/Johannesburg,airport,OurAirports,648,6562
586,Eelde Airport,Groningen,Netherlands,GRQ,EHGG,53.1197013855,6.57944011688,1,E,Europe/Amsterdam,airport,OurAirports,17,8202
3685,Gerald R. Ford International Airport,Grand Rapids,United States,GRR,KGRR,42.88079834,-85.52279663,-5,A,America/New_York,airport,OurAirports,794,10001
2564,Guarulhos - Governador André Franco Montoro International Airport,Sao Paulo,Brazil,GRU,SBGR,-23.435556411743200,-46.47305679321290,-3,S,America/Sao_Paulo,airport,OurAirports,2461,12139
1609,Graz Airport,Graz,Austria,GRZ,LOWG,46.9911003112793,15.439599990844700,1,E,Europe/Vienna,airport,OurAirports,1115,9842
691,Gothenburg City Airport,Gothenborg,Sweden,GSE,ESGP,57.7747,11.8704,1,E,Europe/Stockholm,airport,OurAirports,59,3560
4034,Greenville Spartanburg International Airport,Greenville,United States,GSP,KGSP,34.8956985474,-82.2189025879,-5,A,America/New_York,airport,OurAirports,964,11001
1767,La Aurora Airport,Guatemala City,Guatemala,GUA,MGGT,14.5833,-90.527496,-6,U,America/Guatemala,airport,OurAirports,4952,9800
1665,Geneva Cointrin International Airport,Geneva,Switzerland,GVA,LSGG,46.23809814453130,6.108950138092040,1,E,Europe/Paris,airport,OurAirports,1411,12795
2673,José Joaquín de Olmedo International Airport,Guayaquil,Ecuador,GYE,SEGU,-2.1574199199700000,-79.88359832760000,-5,U,America/Guayaquil,airport,OurAirports,19,9154
352,Hannover Airport,Hannover,Germany,HAJ,EDDV,52.461101532,9.685079574580000,1,E,Europe/Berlin,airport,OurAirports,183,10499
4120,Haikou Meilan International Airport,Haikou,China,HAK,ZJHK,19.934900283813500,110.45899963378900,8,U,Asia/Shanghai,airport,OurAirports,75,11811
342,Hamburg Airport,Hamburg,Germany,HAM,EDDH,53.630401611328,9.9882297515869,1,E,Europe/Berlin,airport,OurAirports,53,12028
3199,Noi Bai International Airport,Hanoi,Vietnam,HAN,VVNB,21.221200942993200,105.80699920654300,7,U,Asia/Saigon,airport,OurAirports,39,12466
3336,Hobart International Airport,Hobart,Australia,HBA,YMHB,-42.836101532,147.509994507,10,O,Australia/Melbourne,airport,OurAirports,13,8947
3410,Borg El Arab International Airport,Alexandria,Egypt,HBE,HEBA,30.917699813842800,29.696399688720700,2,U,Africa/Cairo,airport,OurAirports,171,11156
811,Hoedspruit Air Force Base Airport,Hoedspruit,South Africa,HDS,FAHS,-24.368600845300000,31.0487003326,2,U,Africa/Johannesburg,airport,OurAirports,1801,13094
421,Helsinki Vantaa Airport,Helsinki,Finland,HEL,EFHK,60.317199707031,24.963300704956,2,E,Europe/Helsinki,airport,OurAirports,179,11286
1452,Heraklion International Nikos Kazantzakis Airport,Heraklion,Greece,HER,LGIR,35.3396987915,25.180299758900000,2,E,Europe/Athens,airport,OurAirports,115,8904
6345,Baita International Airport,Hohhot,China,HET,ZBHH,40.851398,111.823997,8,U,Asia/Shanghai,airport,OurAirports,3556,11811
3389,Hefei Luogang International Airport,Hefei,China,HFE,ZSOF,31.780000686645500,117.2979965209960,8,U,Asia/Shanghai,airport,OurAirports,207,11155
3386,Hangzhou Xiaoshan International Airport,Hangzhou,China,HGH,ZSHC,30.22949981689450,120.43399810791000,8,U,Asia/Shanghai,airport,OurAirports,23,11811
355,Frankfurt-Hahn Airport,Hahn,Germany,HHN,EDFH,49.9487,7.26389,1,E,Europe/Berlin,airport,OurAirports,1649,12467
2326,Hiroshima Airport,Hiroshima,Japan,HIJ,RJOA,34.4361000061,132.919006348,9,U,Asia/Tokyo,airport,OurAirports,1088,9842
2288,Hakodate Airport,Hakodate,Japan,HKD,RJCH,41.7700004578,140.822006226,9,U,Asia/Tokyo,airport,OurAirports,151,9842
3077,Hong Kong International Airport,Hong Kong,Hong Kong,HKG,VHHH,22.308901,113.915001,8,U,Asia/Hong_Kong,airport,OurAirports,28,12467
3179,Phuket International Airport,Phuket,Thailand,HKT,VTSP,8.1132,98.316902,7,U,Asia/Bangkok,airport,OurAirports,82,10171
1807,General Ignacio P. Garcia International Airport,Hermosillo,Mexico,HMO,MMHO,29.095899581900000,-111.047996521,-7,S,America/Hermosillo,airport,OurAirports,627,7546
2359,Tokyo Haneda International Airport,Tokyo,Japan,HND,RJTT,35.552299,139.779999,9,U,Asia/Tokyo,airport,OurAirports,35,11024
3728,Daniel K Inouye International Airport,Honolulu,United States,HNL,PHNL,21.32062,-157.924228,-10,N,Pacific/Honolulu,airport,OurAirports,13,12360
3566,William P Hobby Airport,Houston,United States,HOU,KHOU,29.64539909,-95.27890015,-6,A,America/Chicago,airport,OurAirports,46,7602
3589,Westchester County Airport,White Plains,United States,HPN,KHPN,41.06700134277340,-73.70760345458980,-5,A,America/New_York,airport,OurAirports,439,6549
3400,Taiping Airport,Harbin,China,HRB,ZYHB,45.6234016418457,126.25,8,U,Asia/Shanghai,airport,OurAirports,457,11811
1130,Hurghada International Airport,Hurghada,Egypt,HRG,HEGN,27.178300857543900,33.799400329589800,2,U,Africa/Cairo,airport,OurAirports,32,13171
3201,Phu Bai Airport,Hue,Vietnam,HUI,VVPB,16.401500701900000,107.70300293,7,U,Asia/Saigon,airport,OurAirports,48,8775
3714,Washington Dulles International Airport,Washington,United States,IAD,KIAD,38.94449997,-77.45580292,-5,A,America/New_York,airport,OurAirports,312,11500
3630,Niagara Falls International Airport,Niagara Falls,United States,IAG,KIAG,43.1072998046875,-78.94619750976560,-5,A,America/New_York,airport,OurAirports,589,9826
3550,George Bush Intercontinental Houston Airport,Houston,United States,IAH,KIAH,29.984399795532200,-95.34140014648440,-6,A,America/Chicago,airport,OurAirports,97,12001
2281,Hyakuri Airport,Ibaraki,Japan,IBR,RJAH,36.181098938,140.414993286,9,U,Asia/Tokyo,airport,OurAirports,105,8860
1225,Ibiza Airport,Ibiza,Spain,IBZ,LEIB,38.872898101800000,1.3731199502900000,1,E,Europe/Madrid,airport,OurAirports,24,9186
3930,Incheon International Airport,Seoul,South Korea,ICN,RKSI,37.46910095214840,126.45099639892600,9,U,Asia/Seoul,airport,OurAirports,23,13123
3008,Devi Ahilyabai Holkar Airport,Indore,India,IDR,VAID,22.7217998505,75.8011016846,5.5,N,Asia/Calcutta,airport,OurAirports,1850,9035
2471,Cataratas Del Iguazú International Airport,Iguazu Falls,Argentina,IGR,SARI,-25.737301,-54.4734,-3,N,America/Cordoba,airport,OurAirports,916,10827
2554,Cataratas International Airport,Foz Do Iguacu,Brazil,IGU,SBFI,-25.600278854370100,-54.48500061035160,-3,S,America/Sao_Paulo,airport,OurAirports,786,8875
3050,Imphal Airport,Imphal,India,IMF,VEIM,24.7600002289,93.896697998,5.5,N,Asia/Calcutta,airport,OurAirports,2540,9009
3585,Indianapolis International Airport,Indianapolis,United States,IND,KIND,39.7173,-86.294403,-5,A,America/New_York,airport,OurAirports,797,11200
1610,Innsbruck Airport,Innsbruck,Austria,INN,LOWI,47.260201,11.344,1,E,Europe/Vienna,airport,OurAirports,1907,6562
533,Inverness Airport,Inverness,United Kingdom,INV,EGPE,57.54249954223630,-4.047500133514400,0,E,Europe/London,airport,OurAirports,31,6194
2657,Mataveri Airport,Easter Island,Chile,IPC,SCIP,-27.1648006439,-109.42199707,-6,S,Pacific/Easter,airport,OurAirports,227,10827
2387,New Ishigaki Airport,Ishigaki,Japan,ISG,ROIG,24.396389,124.245,9,U,Asia/Tokyo,airport,OurAirports,102,6562
3659,Sloulin Field International Airport,Williston,United States,ISN,KISN,48.177898407,-103.641998291,-6,A,America/Chicago,airport,OurAirports,1982,
13696,Istanbul Airport,Istanbul,Turkey,IST,LTFM,41.275278,28.751944,3,E,,airport,OurAirports,325,13451
2334,Osaka International Airport,Osaka,Japan,ITM,RJOO,34.785499572753900,135.43800354003900,9,U,Asia/Tokyo,airport,OurAirports,50,9840
3580,Jackson-Medgar Wiley Evers International Airport,Jackson,United States,JAN,KJAN,32.3111991882,-90.0758972168,-6,A,America/Chicago,airport,OurAirports,346,8500
3712,Jacksonville International Airport,Jacksonville,United States,JAX,KJAX,30.49410057067870,-81.68789672851560,-5,A,America/New_York,airport,OurAirports,30,10000
2072,King Abdulaziz International Airport,Jeddah,Saudi Arabia,JED,OEJN,21.6796,39.156502,3,U,Asia/Riyadh,airport,OurAirports,48,13123
499,Jersey Airport,Jersey,Jersey,JER,EGJJ,49.20790100097660,-2.195509910583500,0,E,Europe/Jersey,airport,OurAirports,277,5594
3797,John F Kennedy International Airport,New York,United States,JFK,KJFK,40.63980103,-73.77890015,-5,A,America/New_York,airport,OurAirports,13,14511
3303,Senai International Airport,Johor Bahru,Malaysia,JHB,WMKJ,1.64131,103.669998,8,N,Asia/Kuala_Lumpur,airport,OurAirports,135,12467
1450,Chios Island National Airport,Chios,Greece,JKH,LGHI,38.34320068359380,26.140600204467800,2,E,Europe/Athens,airport,OurAirports,15,4957
1468,Mikonos Airport,Mykonos,Greece,JMK,LGMK,37.43510055541990,25.348100662231400,2,E,Europe/Athens,airport,OurAirports,405,6240
813,OR Tambo International Airport,Johannesburg,South Africa,JNB,FAOR,-26.1392,28.246,2,U,Africa/Johannesburg,airport,OurAirports,5558,14495
3492,Juneau International Airport,Juneau,United States,JNU,PAJN,58.35499954223630,-134.5760040283200,-9,A,America/Anchorage,airport,OurAirports,21,8857
3898,Adi Sutjipto International Airport,Yogyakarta,Indonesia,JOG,WARJ,-7.788179874420170,110.43199920654300,7,N,Asia/Jakarta,airport,OurAirports,379,7215
1479,Santorini Airport,Thira,Greece,JTR,LGSR,36.399200439453100,25.479299545288100,2,E,Europe/Athens,airport,OurAirports,127,7208
1173,Juba International Airport,Juba,South Sudan,JUB,HSSJ,4.87201023102,31.6011009216,3,U,Africa/Juba,airport,OurAirports,1513,10171
2792,Inca Manco Capac International Airport,Juliaca,Peru,JUL,SPJL,-15.467100143432600,-70.158203125,-5,U,America/Lima,airport,OurAirports,12552,13780
3174,Krabi Airport,Krabi,Thailand,KBV,VTSG,8.09912014008,98.9861984253,7,U,Asia/Bangkok,airport,OurAirports,82,9842
16,Keflavik International Airport,Keflavik,Iceland,KEF,BIKF,63.985000610352,-22.605600357056,0,N,Atlantic/Reykjavik,airport,OurAirports,171,10056
1458,Kos Airport,Kos,Greece,KGS,LGKO,36.79330062866210,27.091699600219700,2,E,Europe/Athens,airport,OurAirports,412,7841
3384,Nanchang Changbei International Airport,Nanchang,China,KHN,ZSCN,28.864999771118200,115.9000015258790,8,U,Asia/Shanghai,airport,OurAirports,143,11155
4381,Niigata Airport,Niigata,Japan,KIJ,RJSN,37.9558982849,139.121002197,9,U,Asia/Tokyo,airport,OurAirports,29,8200
1779,Norman Manley International Airport,Kingston,Jamaica,KIN,MKJP,17.935699462890600,-76.7874984741211,-5,U,America/Jamaica,airport,OurAirports,10,8900
601,Kerry Airport,Kerry,Ireland,KIR,EIKY,52.18090057373050,-9.52377986907959,0,E,Europe/Dublin,airport,OurAirports,112,6562
3992,Kansai International Airport,Osaka,Japan,KIX,RJBB,34.42729949951170,135.24400329589800,9,U,Asia/Tokyo,airport,OurAirports,26,13123
649,Kirkenes Airport (Høybuktmoen),Kirkenes,Norway,KKN,ENKR,69.725799560547,29.891300201416,1,E,Europe/Oslo,airport,OurAirports,283,6939
3382,Kunming Changshui International Airport,Kunming,China,KMG,ZPPP,25.1019444,102.9291667,8,N,Asia/Shanghai,airport,OurAirports,6903,14764
2307,Kagoshima Airport,Kagoshima,Japan,KOJ,RJFK,31.80340003967290,130.718994140625,9,U,Asia/Tokyo,airport,OurAirports,906,9840
4093,Sihanoukville International Airport,Sihanoukville,Cambodia,KOS,VDSV,10.57970047,103.637001038,7,N,Asia/Phnom_Penh,airport,OurAirports,33,8202
669,Kraków John Paul II International Airport,Krakow,Poland,KRK,EPKK,50.077702,19.7848,1,E,Europe/Warsaw,airport,OurAirports,791,8366
638,Kristiansand Airport,Kristiansand,Norway,KRS,ENCN,58.204201,8.08537,1,E,Europe/Oslo,airport,OurAirports,57,6677
1746,Košice Airport,Kosice,Slovakia,KSC,LZKZ,48.66310119628910,21.241100311279300,1,E,Europe/Bratislava,airport,OurAirports,755,10171
647,Kristiansund Airport (Kvernberget),Kristiansund,Norway,KSU,ENKB,63.111801147461,7.824520111084,1,E,Europe/Oslo,airport,OurAirports,204,7841
3808,Ketchikan International Airport,Ketchikan,United States,KTN,PAKT,55.35559845,-131.7140045,-9,A,America/Anchorage,airport,OurAirports,89,7500
671,Katowice International Airport,Katowice,Poland,KTW,EPKT,50.4743,19.08,1,E,Europe/Warsaw,airport,OurAirports,995,10499
3304,Kuala Lumpur International Airport,Kuala Lumpur,Malaysia,KUL,WMKK,2.745579957962,101.70999908447,8,N,Asia/Kuala_Lumpur,airport,OurAirports,69,13530
9099,Kaunas Airport,Kaunas,Lithuania,KUN,EYKA,54.963889,24.084722,2,E,Europe/Tallinn,airport,OurAirports,356,10660
3394,Longdongbao Airport,Guiyang,China,KWE,ZUGY,26.53849983215330,106.8010025024410,8,U,Asia/Shanghai,airport,OurAirports,3736,13123
3372,Guilin Liangjiang International Airport,Guilin,China,KWL,ZGKL,25.21809959411620,110.03900146484400,8,U,Asia/Shanghai,airport,OurAirports,570,10499
3877,McCarran International Airport,Las Vegas,United States,LAS,KLAS,36.08010101,-115.1520004,-8,A,America/Los_Angeles,airport,OurAirports,2181,14835
3484,Los Angeles International Airport,Los Angeles,United States,LAX,KLAX,33.94250107,-118.4079971,-8,A,America/Los_Angeles,airport,OurAirports,125,12923
5748,North Platte Regional Airport Lee Bird Field,North Platte,United States,LBF,KLBF,41.12620163,-100.6839981,-6,A,America/Chicago,airport,OurAirports,2777,8001
1197,Larnaca International Airport,Larnaca,Cyprus,LCA,LCLK,34.875099182128900,33.624900817871100,2,E,Asia/Nicosia,airport,OurAirports,8,9823
3674,Rickenbacker International Airport,Columbus,United States,LCK,KLCK,39.813801,-82.927803,-5,A,America/New_York,airport,OurAirports,744,12103
503,London City Airport,London,United Kingdom,LCY,EGLC,51.505299,0.055278,0,E,Europe/London,airport,OurAirports,19,4948
468,City of Derry Airport,Londonderry,United Kingdom,LDY,EGAE,55.04280090332030,-7.161109924316410,0,E,Europe/London,airport,OurAirports,22,6460
5749,Lebanon Municipal Airport,Lebanon,United States,LEB,KLEB,43.626098632800000,-72.30419921880000,-5,A,America/New_York,airport,OurAirports,603,5496
348,Leipzig/Halle Airport,Leipzig,Germany,LEJ,EDDP,51.423889,12.236389,1,E,Europe/Berlin,airport,OurAirports,465,11811
4017,Blue Grass Airport,Lexington KY,United States,LEX,KLEX,38.0364990234375,-84.60590362548830,-5,A,America/New_York,airport,OurAirports,979,7004
3493,Lafayette Regional Airport,Lafayette,United States,LFT,KLFT,30.20529938,-91.98760223,-6,A,America/Chicago,airport,OurAirports,42,8000
3697,La Guardia Airport,New York,United States,LGA,KLGA,40.77719879,-73.87259674,-5,A,America/New_York,airport,OurAirports,21,7002
3582,Long Beach /Daugherty Field/ Airport,Long Beach,United States,LGB,KLGB,33.81769943,-118.1520004,-8,A,America/Los_Angeles,airport,OurAirports,60,10000
309,Liège Airport,Liege,Belgium,LGG,EBLG,50.63740158081060,5.443220138549810,1,E,Europe/Brussels,airport,OurAirports,659,12106
3305,Langkawi International Airport,Langkawi,Malaysia,LGK,WMKL,6.329730033874510,99.72869873046880,8,N,Asia/Kuala_Lumpur,airport,OurAirports,29,12500
502,London Gatwick Airport,London,United Kingdom,LGW,EGKK,51.148102,-0.190278,0,E,Europe/London,airport,OurAirports,202,10883
507,London Heathrow Airport,London,United Kingdom,LHR,EGLL,51.4706,-0.461941,0,E,Europe/London,airport,OurAirports,83,12799
3378,Lanzhou Zhongchuan Airport,Lanzhou,China,LHW,ZLLL,36.5152015686,103.620002747,8,U,Asia/Shanghai,airport,OurAirports,6388,13123
1399,Lille-Lesquin Airport,Lille,France,LIL,LFQQ,50.563332,3.086886,1,E,Europe/Paris,airport,OurAirports,157,9268
2789,Jorge Chávez International Airport,Lima,Peru,LIM,SPIM,-12.0219,-77.114305,-5,U,America/Lima,airport,OurAirports,113,11506
1529,Milano Linate Airport,Milan,Italy,LIN,LIML,45.445099,9.27674,1,E,Europe/Rome,airport,OurAirports,353,8012
1881,Daniel Oduber Quiros International Airport,Liberia,Costa Rica,LIR,MRLB,10.5933,-85.544403,-6,U,America/Costa_Rica,airport,OurAirports,270,9022
1638,Humberto Delgado Airport (Lisbon Portela Airport),Lisbon,Portugal,LIS,LPPT,38.7813,-9.13592,0,E,Europe/Lisbon,airport,OurAirports,374,12162
3660,Bill & Hillary Clinton National Airport/Adams Field,Little Rock,United States,LIT,KLIT,34.729400634800000,-92.2242965698,-6,A,America/Chicago,airport,OurAirports,262,8273
1569,Ljubljana Jože Pučnik Airport,Ljubljana,Slovenia,LJU,LJLJ,46.223701,14.4576,1,E,Europe/Ljubljana,airport,OurAirports,1273,10827
5693,Lokichoggio Airport,Lokichoggio,Kenya,LKG,HKLK,4.20412015914917,34.348201751709000,3,U,Africa/Nairobi,airport,OurAirports,2074,6195
3105,Chaudhary Charan Singh International Airport,Lucknow,India,LKO,VILK,26.7605991364,80.8892974854,5.5,N,Asia/Calcutta,airport,OurAirports,410,8996
5750,Crater Lake-Klamath Regional Airport,Klamath Falls,United States,LMT,KLMT,42.156101,-121.733002,-8,A,America/Los_Angeles,airport,OurAirports,4095,10302
3543,Lincoln Airport,Lincoln,United States,LNK,KLNK,40.85100173950200,-96.75920104980470,-6,A,America/Chicago,airport,OurAirports,1219,12901
3851,Lanai Airport,Lanai,United States,LNY,PHNY,20.785600662231400,-156.9510040283200,-10,N,Pacific/Honolulu,airport,OurAirports,1308,5001
1611,Linz Hörsching Airport,Linz,Austria,LNZ,LOWL,48.2332,14.1875,1,E,Europe/Vienna,airport,OurAirports,980,9843
1054,Gran Canaria Airport,Gran Canaria,Spain,LPA,GCLP,27.931900024414100,-15.38659954071050,0,E,Atlantic/Canary,airport,OurAirports,78,10171
2762,El Alto International Airport,La Paz,Bolivia,LPB,SLLP,-16.5132999420166,-68.19229888916020,-4,U,America/La_Paz,airport,OurAirports,13355,13123
491,Liverpool John Lennon Airport,Liverpool,United Kingdom,LPL,EGGP,53.33359909057620,-2.849720001220700,0,E,Europe/London,airport,OurAirports,80,7497
3691,Laredo International Airport,Laredo,United States,LRD,KLRD,27.543800354003900,-99.46160125732420,-6,A,America/Chicago,airport,OurAirports,508,8743
1759,Casa De Campo International Airport,La Romana,Dominican Republic,LRM,MDLR,18.450700759887700,-68.91179656982420,-4,U,America/Santo_Domingo,airport,OurAirports,213,9678
492,London Luton Airport,London,United Kingdom,LTN,EGGW,51.874698638916000,-0.36833301186561600,0,E,Europe/London,airport,OurAirports,526,7093
629,Luxembourg-Findel International Airport,Luxemburg,Luxembourg,LUX,ELLX,49.6233333,6.2044444,1,E,Europe/Luxembourg,airport,OurAirports,1234,13123
8832,Lublin Airport,Lublin,Poland,LUZ,EPLB,51.240278,22.713611,1,E,Europe/Warsaw,airport,OurAirports,633,8268
4097,Lhasa Gonggar Airport,Lhasa,China,LXA,ZULS,29.2978000641,90.91190338130000,8,U,Asia/Shanghai,airport,OurAirports,11713,13123
1132,Luxor International Airport,Luxor,Egypt,LXR,HELX,25.671,32.7066,2,U,Africa/Cairo,airport,OurAirports,276,9843
5753,Lynchburg Regional Preston Glenn Field,Lynchburg,United States,LYH,KLYH,37.326698303222700,-79.20040130615230,-5,A,America/New_York,airport,OurAirports,938,7100
658,"Svalbard Airport, Longyear",Svalbard,Norway,LYR,ENSB,78.246101379395,15.465600013733,1,E,Arctic/Longyearbyen,airport,OurAirports,88,7608
1335,Lyon Saint-Exupéry Airport,Lyon,France,LYS,LFLL,45.725556,5.081111,1,E,Europe/Paris,airport,OurAirports,821,13124
3144,Chennai International Airport,Madras,India,MAA,VOMM,12.990005493164100,80.16929626464840,5.5,N,Asia/Calcutta,airport,OurAirports,52,12001
1229,Adolfo Suárez Madrid–Barajas Airport,Madrid,Spain,MAD,LEMD,40.471926,-3.56264,1,E,Europe/Madrid,airport,OurAirports,1998,14271
3652,Midland International Airport,Midland,United States,MAF,KMAF,31.9424991607666,-102.2020034790040,-6,A,America/Chicago,airport,OurAirports,2871,9501
1231,Menorca Airport,Menorca,Spain,MAH,LEMH,39.86259841918950,4.218649864196780,1,E,Europe/Madrid,airport,OurAirports,302,8366
478,Manchester Airport,Manchester,United Kingdom,MAN,EGCC,53.35369873046880,-2.2749500274658200,0,E,Europe/London,airport,OurAirports,257,10007
2551,Eduardo Gomes International Airport,Manaus,Brazil,MAO,SBEG,-3.0386099815368700,-60.04970169067380,-4,S,America/Boa_Vista,airport,OurAirports,264,8858
1145,Mombasa Moi International Airport,Mombasa,Kenya,MBA,HKMO,-4.034830093383790,39.594200134277300,3,U,Africa/Nairobi,airport,OurAirports,200,10991
1780,Sangster International Airport,Montego Bay,Jamaica,MBJ,MKJS,18.503700256347700,-77.91339874267580,-5,U,America/Jamaica,airport,OurAirports,4,10039
3458,Kansas City International Airport,Kansas City,United States,MCI,KMCI,39.2976,-94.713898,-6,A,America/Chicago,airport,OurAirports,1026,10801
3878,Orlando International Airport,Orlando,United States,MCO,KMCO,28.429399490356400,-81.30899810791020,-5,A,America/New_York,airport,OurAirports,96,12005
3542,Harrisburg International Airport,Harrisburg,United States,MDT,KMDT,40.1935005188,-76.7633972168,-5,A,America/New_York,airport,OurAirports,310,10001
3747,Chicago Midway International Airport,Chicago,United States,MDW,KMDW,41.785999,-87.752403,-6,A,America/Chicago,airport,OurAirports,620,6522
2452,El Plumerillo Airport,Mendoza,Argentina,MDZ,SAME,-32.8316993713,-68.7929000854,-3,N,America/Mendoza,airport,OurAirports,2310,9301
2074,Prince Mohammad Bin Abdulaziz Airport,Madinah,Saudi Arabia,MED,OEMA,24.5534,39.705101,3,U,Asia/Riyadh,airport,OurAirports,2151,14222
3339,Melbourne International Airport,Melbourne,Australia,MEL,YMML,-37.673302,144.843002,10,O,Australia/Hobart,airport,OurAirports,434,11998
1824,Licenciado Benito Juarez International Airport,Mexico City,Mexico,MEX,MMMX,19.4363,-99.072098,-6,S,America/Mexico_City,airport,OurAirports,7316,12966
3121,Macau International Airport,Macau,Macau,MFM,VMMC,22.149599,113.592003,8,U,Asia/Macau,airport,OurAirports,20,10544
3576,Miami International Airport,Miami,United States,MIA,KMIA,25.79319953918460,-80.29060363769530,-5,A,America/New_York,airport,OurAirports,8,13016
1819,Licenciado Manuel Crescencio Rejon Int Airport,Merida,Mexico,MID,MMMD,20.937000274700000,-89.657699585,-6,S,America/Mexico_City,airport,OurAirports,38,10499
1469,Mytilene International Airport,Mytilini,Greece,MJT,LGMT,39.0567016602,26.5983009338,2,E,Europe/Athens,airport,OurAirports,60,7894
1227,San Javier Airport,Murcia,Spain,MJV,LELC,37.775001525878900,-0.8123890161514280,1,E,Europe/Madrid,airport,OurAirports,11,7612
3717,General Mitchell International Airport,Milwaukee,United States,MKE,KMKE,42.947200775146500,-87.89659881591800,-6,A,America/Chicago,airport,OurAirports,723,9990
5754,Muskegon County Airport,Muskegon,United States,MKG,KMKG,43.16949844,-86.23819733,-5,A,America/New_York,airport,OurAirports,629,6500
3260,Rendani Airport,Manokwari,Indonesia,MKW,WASR,-0.8918330073356630,134.0489959716800,9,N,Asia/Jayapura,airport,OurAirports,23,6562
1606,Malta International Airport,Malta,Malta,MLA,LMML,35.857498,14.4775,1,E,Europe/Malta,airport,OurAirports,300,11627
3671,Melbourne International Airport,Melbourne,United States,MLB,KMLB,28.102800369262700,-80.64530181884770,-5,A,America/New_York,airport,OurAirports,33,10181
4072,Quad City International Airport,Moline,United States,MLI,KMLI,41.44850158691410,-90.50749969482420,-6,A,America/Chicago,airport,OurAirports,590,10002
1058,Melilla Airport,Melilla,Spain,MLN,GEML,35.279800415,-2.9562599659,1,E,Europe/Madrid,airport,OurAirports,156,4701
2280,Matsumoto Airport,Matsumoto,Japan,MMJ,RJAF,36.16680145263670,137.92300415039100,9,U,Asia/Tokyo,airport,OurAirports,2182,6560
708,Malmö Sturup Airport,Malmoe,Sweden,MMX,ESMS,55.536305364,13.376197814900000,1,E,Europe/Stockholm,airport,OurAirports,236,9186
2397,Ninoy Aquino International Airport,Manila,Philippines,MNL,RPLL,14.5086,121.019997,8,N,Asia/Manila,airport,OurAirports,75,12261
3782,Mobile Regional Airport,Mobile,United States,MOB,KMOB,30.691200256348,-88.242797851562,-6,A,America/Chicago,airport,OurAirports,219,8502
1359,Montpellier-Méditerranée Airport,Montpellier,France,MPL,LFMT,43.57619857788090,3.96301007270813,1,E,Europe/Paris,airport,OurAirports,17,8530
7424,Mara Serena Lodge Airstrip,Masai Mara,Kenya,MRE,HKMS,-1.406111,35.008057,3,U,Africa/Nairobi,airport,OurAirports,5200,3450
1353,Marseille Provence Airport,Marseille,France,MRS,LFML,43.439271922,5.22142410278,1,E,Europe/Paris,airport,OurAirports,74,11483
3459,Dane County Regional Truax Field,Madison,United States,MSN,KMSN,43.13990020751950,-89.3375015258789,-6,A,America/Chicago,airport,OurAirports,887,9006
3858,Minneapolis-St Paul International/Wold-Chamberlain Airport,Minneapolis,United States,MSP,KMSP,44.882,-93.221802,-6,A,America/Chicago,airport,OurAirports,841,11006
582,Maastricht Aachen Airport,Maastricht,Netherlands,MST,EHBK,50.911701,5.77014,1,E,Europe/Amsterdam,airport,OurAirports,375,9022
3861,Louis Armstrong New Orleans International Airport,New Orleans,United States,MSY,KMSY,29.99340057373050,-90.25800323486330,-6,A,America/Chicago,airport,OurAirports,4,10104
1825,General Mariano Escobedo International Airport,Monterrey,Mexico,MTY,MMMY,25.7784996033,-100.107002258,-6,S,America/Mexico_City,airport,OurAirports,1278,9843
346,Munich Airport,Munich,Germany,MUC,EDDM,48.353802,11.7861,1,E,Europe/Berlin,airport,OurAirports,1487,13123
898,Salak Airport,Maroua,Cameroon,MVR,FKKL,10.451399803161600,14.257399559021000,1,N,Africa/Douala,airport,OurAirports,1390,6890
4189,Muan International Airport,Muan,South Korea,MWX,RKJB,34.991406,126.382814,9,U,Asia/Seoul,airport,OurAirports,35,9186
1820,General Rodolfo Sánchez Taboada International Airport,Mexicali,Mexico,MXL,MMML,32.6306,-115.241997,-8,S,America/Tijuana,airport,OurAirports,74,8530
1524,Malpensa International Airport,Milano,Italy,MXP,LIMC,45.6306,8.72811,1,E,Europe/Rome,airport,OurAirports,768,12861
1561,Naples International Airport,Naples,Italy,NAP,LIRN,40.886002,14.2908,1,E,Europe/Rome,airport,OurAirports,294,8622
6341,Beijing Nanyuan Airport,Beijing,China,NAY,ZBNY,39.782798767089800,116.38800048828100,8,U,Asia/Shanghai,airport,OurAirports,0,12467
4059,Jomo Kenyatta International Airport,Nairobi,Kenya,NBO,HKJK,-1.31923997402,36.9277992249,3,N,Africa/Nairobi,airport,OurAirports,5330,13507
1354,Nice-Côte d'Azur Airport,Nice,France,NCE,LFMN,43.6584014893,7.215869903560000,1,E,Europe/Paris,airport,OurAirports,12,9721
521,Newcastle Airport,Newcastle,United Kingdom,NCL,EGNT,55.037498474121100,-1.6916699409484900,0,E,Europe/London,airport,OurAirports,266,7644
3387,Ningbo Lishe International Airport,Ninbo,China,NGB,ZSNB,29.82670021057130,121.46199798584000,8,U,Asia/Shanghai,airport,OurAirports,13,10499
900,N'Gaoundéré Airport,N'gaoundere,Cameroon,NGE,FKKN,7.3570098876953100,13.559200286865200,1,N,Africa/Douala,airport,OurAirports,3655,8858
2313,Nagasaki Airport,Nagasaki,Japan,NGS,RJFU,32.916900634800000,129.914001465,9,U,Asia/Tokyo,airport,OurAirports,15,9840
3388,Nanjing Lukou Airport,Nanjing,China,NKG,ZSNJ,31.742000579834000,118.86199951171900,8,U,Asia/Shanghai,airport,OurAirports,49,11811
3373,Nanning Wuxu Airport,Nanning,China,NNG,ZGNN,22.608299255371100,108.1719970703130,8,U,Asia/Shanghai,airport,OurAirports,421,10499
600,Ireland West Knock Airport,Connaught,Ireland,NOC,EIKN,53.910301208496100,-8.818490028381350,0,E,Europe/Dublin,airport,OurAirports,665,7546
481,Newquay Cornwall Airport,Newquay,United Kingdom,NQY,EGHQ,50.44060134887700,-4.995409965515140,0,E,Europe/London,airport,OurAirports,390,9003
2279,Narita International Airport,Tokyo,Japan,NRT,RJAA,35.7647018433,140.386001587,9,U,Asia/Tokyo,airport,OurAirports,141,13123
4161,Yaoundé Nsimalen International Airport,Yaounde,Cameroon,NSI,FKYS,3.722559928894040,11.553299903869600,1,N,Africa/Douala,airport,OurAirports,2278,11155
347,Nuremberg Airport,Nuremberg,Germany,NUE,EDDN,49.498699,11.078056,1,E,Europe/Berlin,airport,OurAirports,1046,8858
699,Stockholm Skavsta Airport,Stockholm,Sweden,NYO,ESKN,58.78860092163090,16.912200927734400,1,E,Europe/Stockholm,airport,OurAirports,140,9442
3453,Metropolitan Oakland International Airport,Oakland,United States,OAK,KOAK,37.721298,-122.221001,-8,A,America/Los_Angeles,airport,OurAirports,9,10520
1829,Xoxocotlán International Airport,Oaxaca,Mexico,OAX,MMOX,16.9999008179,-96.726600647,-6,S,America/Mexico_City,airport,OurAirports,4989,8038
2286,Tokachi-Obihiro Airport,Obihiro,Japan,OBO,RJCB,42.7332992554,143.216995239,9,U,Asia/Tokyo,airport,OurAirports,505,8202
3724,Ogdensburg International Airport,Ogdensburg,United States,OGS,KOGS,44.6819000244,-75.46549987790000,-5,A,America/New_York,airport,OurAirports,297,6400
2384,Naha Airport,Okinawa,Japan,OKA,ROAH,26.1958007812,127.646003723,9,N,Asia/Tokyo,airport,OurAirports,12,9840
2327,Okayama Airport,Okayama,Japan,OKJ,RJOB,34.7569007874,133.854995728,9,U,Asia/Tokyo,airport,OurAirports,806,9843
3734,Ontario International Airport,Ontario,United States,ONT,KONT,34.055999755859400,-117.60099792480500,-8,A,America/Los_Angeles,airport,OurAirports,944,12197
1636,Francisco de Sá Carneiro Airport,Porto,Portugal,OPO,LPPR,41.2481002808,-8.68138980865,0,E,Europe/Lisbon,airport,OurAirports,228,11417
3830,Chicago O'Hare International Airport,Chicago,United States,ORD,KORD,41.9786,-87.9048,-6,A,America/Chicago,airport,OurAirports,680,13000
596,Cork Airport,Cork,Ireland,ORK,EICK,51.84130096435550,-8.491109848022460,0,E,Europe/Dublin,airport,OurAirports,502,6998
1386,Paris-Orly Airport,Paris,France,ORY,LFPO,48.7233333,2.3794444,1,E,Europe/Paris,airport,OurAirports,291,11975
1202,Osijek Airport,Osijek,Croatia,OSI,LDOS,45.46269989013670,18.810199737548800,1,E,Europe/Zagreb,airport,OurAirports,290,8202
644,Oslo Lufthavn,Oslo,Norway,OSL,ENGM,60.121,11.0502,1,E,Europe/Oslo,airport,OurAirports,681,11811
5757,Southwest Oregon Regional Airport,North Bend,United States,OTH,KOTH,43.41709899902340,-124.24600219726600,-8,A,America/Los_Angeles,airport,OurAirports,17,5980
1657,Henri Coandă International Airport,Bucharest,Romania,OTP,LROP,44.5711111,26.085,2,E,Europe/Bucharest,airport,OurAirports,314,11484
446,Oulu Airport,Oulu,Finland,OUL,EFOU,64.930099487305,25.354600906372,2,E,Europe/Helsinki,airport,OurAirports,47,8205
5758,Owensboro Daviess County Airport,Owensboro,United States,OWB,KOWB,37.74010086,-87.16680145,-6,A,America/Chicago,airport,OurAirports,407,8000
1077,Ouarzazate Airport,Ouarzazate,Morocco,OZZ,GMMZ,30.9391002655,-6.909430027010000,0,N,Africa/Casablanca,airport,OurAirports,3782,9842
1869,Marcos A. Gelabert International Airport,Panama,Panama,PAC,MPMG,8.973340034484860,-79.55560302734380,-5,U,America/Panama,airport,OurAirports,31,5906
3722,Palm Beach International Airport,West Palm Beach,United States,PBI,KPBI,26.68320083618160,-80.09559631347660,-5,A,America/New_York,airport,OurAirports,19,10001
3278,Minangkabau International Airport,Padang,Indonesia,PDG,WIPT,-0.786917,100.280998,7,N,Asia/Jakarta,airport,OurAirports,18,9020
1633,João Paulo II Airport,Ponta Delgada,Portugal,PDL,LPPD,37.7411994934,-25.6979007721,-1,E,Atlantic/Azores,airport,OurAirports,259,8192
1193,Plovdiv International Airport,Plovdiv,Bulgaria,PDV,LBPD,42.067799,24.8508,2,E,Europe/Sofia,airport,OurAirports,597,8202
3720,Portland International Airport,Portland,United States,PDX,KPDX,45.58869934,-122.5979996,-8,A,America/Los_Angeles,airport,OurAirports,31,11000
1567,Perugia San Francesco d'Assisi – Umbria International Airport,Perugia,Italy,PEG,LIRZ,43.095901,12.5132,1,E,Europe/Rome,airport,OurAirports,697,7215
3364,Beijing Capital International Airport,Beijing,China,PEK,ZBAA,40.080101013183600,116.58499908447300,8,U,Asia/Shanghai,airport,OurAirports,116,12500
2808,Padre Aldamiz International Airport,Puerto Maldonado,Peru,PEM,SPTU,-12.6135997772,-69.2285995483,-5,U,America/Lima,airport,OurAirports,659,11482
3308,Penang International Airport,Penang,Malaysia,PEN,WMKP,5.297140121459960,100.2770004272460,8,N,Asia/Kuala_Lumpur,airport,OurAirports,11,10997
3351,Perth International Airport,Perth,Australia,PER,YPPH,-31.94029998779300,115.96700286865200,8,N,Australia/Perth,airport,OurAirports,67,11299
1198,Paphos International Airport,Paphos,Cyprus,PFO,LCPH,34.71799850463870,32.48569869995120,2,E,Asia/Nicosia,airport,OurAirports,41,8858
3633,Newport News Williamsburg International Airport,Newport News,United States,PHF,KPHF,37.13190079,-76.49299622,-5,A,America/New_York,airport,OurAirports,42,8003
3752,Philadelphia International Airport,Philadelphia,United States,PHL,KPHL,39.87189865112310,-75.24109649658200,-5,A,America/New_York,airport,OurAirports,36,12000
3462,Phoenix Sky Harbor International Airport,Phoenix,United States,PHX,KPHX,33.43429946899410,-112.01200103759800,-7,N,America/Phoenix,airport,OurAirports,1135,11489
3617,St Petersburg Clearwater International Airport,St. Petersburg,United States,PIE,KPIE,27.91020012,-82.68740082,-5,A,America/New_York,airport,OurAirports,11,9730
5761,Pierre Regional Airport,Pierre,United States,PIR,KPIR,44.38270187,-100.2860031,-6,A,America/Chicago,airport,OurAirports,1744,6900
3570,Pittsburgh International Airport,Pittsburgh,United States,PIT,KPIT,40.49150085,-80.23290253,-5,A,America/New_York,airport,OurAirports,1203,11500
5762,Pellston Regional Airport of Emmet County Airport,Pellston,United States,PLN,KPLN,45.57089996,-84.79669952,-5,A,America/New_York,airport,OurAirports,721,6513
3958,Palanga International Airport,Palanga,Lithuania,PLQ,EYPA,55.973201751709000,21.093900680542000,2,E,Europe/Vilnius,airport,OurAirports,33,7480
2528,Pampulha - Carlos Drummond de Andrade Airport,Belo Horizonte,Brazil,PLU,SBBH,-19.851200103759800,-43.950599670410200,-3,S,America/Sao_Paulo,airport,OurAirports,2589,8333
1531,Parma Airport,Parma,Italy,PMF,LIMP,44.824501,10.2964,1,E,Europe/Rome,airport,OurAirports,161,6962
3998,Palma De Mallorca Airport,Palma de Mallorca,Spain,PMI,LEPA,39.551700592,2.73881006241,1,E,Europe/Madrid,airport,OurAirports,27,10728
1512,Falcone–Borsellino Airport,Palermo,Italy,PMO,LICJ,38.175999,13.091,1,E,Europe/Rome,airport,OurAirports,65,10912
1234,Pamplona Airport,Pamplona,Spain,PNA,LEPP,42.77000045776370,-1.6463299989700300,1,E,Europe/Madrid,airport,OurAirports,1504,7241
3034,Phnom Penh International Airport,Phnom-penh,Cambodia,PNH,VDPP,11.546600341796900,104.84400177002000,7,U,Asia/Phnom_Penh,airport,OurAirports,40,9843
3017,Pune Airport,Pune,India,PNQ,VAPO,18.58209991455080,73.9197006225586,5.5,N,Asia/Calcutta,airport,OurAirports,1942,10000
2599,Salgado Filho Airport,Porto Alegre,Brazil,POA,SBPA,-29.994400024414100,-51.1713981628418,-3,S,America/Sao_Paulo,airport,OurAirports,11,10499
1761,Gregorio Luperon International Airport,Puerto Plata,Dominican Republic,POP,MDPP,19.75790023803710,-70.56999969482420,-4,U,America/Santo_Domingo,airport,OurAirports,15,10108
674,Poznań-Ławica Airport,Poznan,Poland,POZ,EPPO,52.421001434300000,16.8262996674,1,E,Europe/Warsaw,airport,OurAirports,308,8215
2433,Puerto Princesa Airport,Puerto Princesa,Philippines,PPS,RPVP,9.742119789123540,118.75900268554700,8,N,Asia/Manila,airport,OurAirports,71,8530
3204,Phu Quoc International Airport,Phuquoc,Vietnam,PQC,VVPQ,10.1698,103.9931,7,U,Asia/Saigon,airport,OurAirports,37,9843
1587,Václav Havel Airport Prague,Prague,Czech Republic,PRG,LKPR,50.1008,14.26,1,E,Europe/Prague,airport,OurAirports,1247,12189
1742,Priština International Airport,Pristina,Kosovo,PRN,BKPR,42.5728,21.035801,1,E,Europe/Belgrade,airport,OurAirports,1789,9974
1562,Pisa International Airport,Pisa,Italy,PSA,LIRP,43.683899,10.3927,1,E,Europe/Rome,airport,OurAirports,6,9820
3839,Palm Springs International Airport,Palm Springs,United States,PSP,KPSP,33.8297004699707,-116.50700378418000,-8,A,America/Los_Angeles,airport,OurAirports,477,10000
2474,Libertador Gral D Jose De San Martin Airport,Posadas,Argentina,PSS,SARP,-27.3858,-55.9707,-3,N,America/Cordoba,airport,OurAirports,430,7388
1871,Tocumen International Airport,Panama City,Panama,PTY,MPTO,9.0713596344,-79.3834991455,-5,U,America/Panama,airport,OurAirports,135,10006
1760,Punta Cana International Airport,Punta Cana,Dominican Republic,PUJ,MDPC,18.567399978600000,-68.36340332030000,-4,U,America/Santo_Domingo,airport,OurAirports,47,10171
2647,Pdte. Carlos Ibañez del Campo Airport,Punta Arenas,Chile,PUQ,SCCI,-53.002602,-70.854599,-4,S,America/Santiago,airport,OurAirports,139,9154
2372,Gimhae International Airport,Busan,South Korea,PUS,RKPK,35.1795005798,128.93800354,9,U,Asia/Seoul,airport,OurAirports,6,10499
1203,Pula Airport,Pula,Croatia,PUY,LDPL,44.89350128173830,13.922200202941900,1,E,Europe/Zagreb,airport,OurAirports,274,9678
3406,Shanghai Pudong International Airport,Shanghai,China,PVG,ZSPD,31.143400192260700,121.80500030517600,8,U,Asia/Shanghai,airport,OurAirports,13,13123
1470,Aktion National Airport,Preveza,Greece,PVK,LGPZ,38.925498962402300,20.765300750732400,2,E,Europe/Athens,airport,OurAirports,11,9419
1836,Licenciado Gustavo Díaz Ordaz International Airport,Puerto Vallarta,Mexico,PVR,MMPR,20.680099487304700,-105.25399780273400,-6,S,America/Mexico_City,airport,OurAirports,23,10171
1837,Puerto Escondido International Airport,Puerto Escondido,Mexico,PXM,MMPS,15.8769,-97.089103,-6,S,America/Mexico_City,airport,OurAirports,294,7546
1838,Querétaro Intercontinental Airport,Queretaro,Mexico,QRO,MMQT,20.6173,-100.185997,-6,S,America/Mexico_City,airport,OurAirports,6296,11483
1075,Menara Airport,Marrakech,Morocco,RAK,GMMX,31.606899261500000,-8.03629970551,0,N,Africa/Casablanca,airport,OurAirports,1545,10170
1072,Rabat-Salé Airport,Rabat,Morocco,RBA,GMME,34.051498,-6.75152,0,N,Africa/Casablanca,airport,OurAirports,276,11483
3626,Raleigh Durham International Airport,Raleigh-durham,United States,RDU,KRDU,35.877601623535200,-78.7874984741211,-5,A,America/New_York,airport,OurAirports,435,10000
2610,Guararapes - Gilberto Freyre International Airport,Recife,Brazil,REC,SBRF,-8.126489639282230,-34.92359924316410,-3,S,America/Fortaleza,airport,OurAirports,33,9865
1514,Reggio Calabria Airport,Reggio Calabria,Italy,REG,LICR,38.071201,15.6516,1,E,Europe/Rome,airport,OurAirports,96,6549
3035,Siem Reap International Airport,Siem-reap,Cambodia,REP,VDSR,13.410699844400000,103.81300354,7,U,Asia/Phnom_Penh,airport,OurAirports,60,
4028,Chicago Rockford International Airport,Rockford,United States,RFD,KRFD,42.19540023803710,-89.09719848632810,-6,A,America/Chicago,airport,OurAirports,742,10002
8914,Termas de Río Hondo international Airport,Rio Hondo,Argentina,RHD,SANR,-27.4966,-64.93595,-3,S,America/Cordoba,airport,OurAirports,935,8232
5765,Rhinelander Oneida County Airport,Rhinelander,United States,RHI,KRHI,45.63119888305660,-89.46749877929690,-6,A,America/Chicago,airport,OurAirports,1624,6800
1472,Diagoras Airport,Rhodos,Greece,RHO,LGRP,36.405399322509800,28.086200714111300,2,E,Europe/Athens,airport,OurAirports,17,10846
3608,Richmond International Airport,Richmond,United States,RIC,KRIC,37.50519943237310,-77.3197021484375,-5,A,America/New_York,airport,OurAirports,167,9003
1205,Rijeka Airport,Rijeka,Croatia,RJK,LDRI,45.21689987182620,14.570300102233900,1,E,Europe/Zagreb,airport,OurAirports,278,8164
5766,Southwest Wyoming Regional Airport,Rock Springs,United States,RKS,KRKS,41.5942,-109.065001,-7,A,America/Denver,airport,OurAirports,6764,10002
3807,Reno Tahoe International Airport,Reno,United States,RNO,KRNO,39.49909973144530,-119.76799774169900,-8,A,America/Los_Angeles,airport,OurAirports,4415,11001
3622,Greater Rochester International Airport,Rochester,United States,ROC,KROC,43.118900299072300,-77.67240142822270,-5,A,America/New_York,airport,OurAirports,559,8001
3736,Roswell International Air Center Airport,Roswell,United States,ROW,KROW,33.30160140991210,-104.53099822998000,-7,A,America/Denver,airport,OurAirports,3671,13000
2365,Yeosu Airport,Yeosu,South Korea,RSU,RKJY,34.84230041503910,127.61699676513700,9,U,Asia/Seoul,airport,OurAirports,53,6890
3793,Southwest Florida International Airport,Fort Myers,United States,RSW,KRSW,26.53619956970220,-81.75520324707030,-5,A,America/New_York,airport,OurAirports,30,12000
591,Rotterdam The Hague Airport,Rotterdam,Netherlands,RTM,EHRD,51.956902,4.43722,1,E,Europe/Amsterdam,airport,OurAirports,-15,7218
2082,King Khaled International Airport,Riyadh,Saudi Arabia,RUH,OERK,24.957599639892600,46.69879913330080,3,U,Asia/Riyadh,airport,OurAirports,2049,13796
5767,Rutland - Southern Vermont Regional Airport,Rutland,United States,RUT,KRUT,43.52939987,-72.94960022,-5,A,America/New_York,airport,OurAirports,787,5304
453,Rovaniemi Airport,Rovaniemi,Finland,RVN,EFRO,66.564796447754,25.830400466919,2,E,Europe/Helsinki,airport,OurAirports,642,9849
657,"Moss Airport, Rygge",Rygge,Norway,RYG,ENRY,59.378817,10.785439,1,E,Europe/Oslo,airport,OurAirports,174,8012
675,Rzeszów-Jasionka Airport,Rzeszow,Poland,RZE,EPRZ,50.1100006104,22.0189990997,1,E,Europe/Warsaw,airport,OurAirports,693,10498
3784,Santa Fe Municipal Airport,Santa Fe,United States,SAF,KSAF,35.617099762,-106.088996887,-7,A,America/Denver,airport,OurAirports,6348,8366
1892,Monseñor Óscar Arnulfo Romero International Airport,San Salvador,El Salvador,SAL,MSLP,13.4409,-89.055702,-6,U,America/El_Salvador,airport,OurAirports,101,10500
3731,San Diego International Airport,San Diego,United States,SAN,KSAN,32.7336006165,-117.190002441,-8,A,America/Los_Angeles,airport,OurAirports,17,9401
3621,San Antonio International Airport,San Antonio,United States,SAT,KSAT,29.533700942993200,-98.46980285644530,-6,A,America/Chicago,airport,OurAirports,809,8505
4317,Sabiha Gökçen International Airport,Istanbul,Turkey,SAW,LTFJ,40.898601532,29.3092002869,3,E,Europe/Istanbul,airport,OurAirports,312,11614
5768,San Luis County Regional Airport,San Luis Obispo,United States,SBP,KSBP,35.236801147500000,-120.641998291,-8,A,America/Los_Angeles,airport,OurAirports,212,6101
1658,Sibiu International Airport,Sibiu,Romania,SBZ,LRSB,45.78559875488280,24.091299057006800,2,E,Europe/Bucharest,airport,OurAirports,1496,8629
2650,Comodoro Arturo Merino Benítez International Airport,Santiago,Chile,SCL,SCEL,-33.393001556396500,-70.78579711914060,-4,S,America/Santiago,airport,OurAirports,1555,12303
349,Saarbrücken Airport,Saarbruecken,Germany,SCN,EDDR,49.214599609400000,7.10950994492,1,E,Europe/Berlin,airport,OurAirports,1058,6562
6045,San Cristóbal Airport,San Cristóbal,Ecuador,SCY,SEST,-0.910206,-89.617401,-6,U,Pacific/Galapagos,airport,OurAirports,62,6214
2347,Sendai Airport,Sendai,Japan,SDJ,RJSS,38.1397018433,140.917007446,9,U,Asia/Tokyo,airport,OurAirports,15,9842
1762,Las Américas International Airport,Santo Domingo,Dominican Republic,SDQ,MDSD,18.42970085144,-69.668899536133,-4,U,America/Santo_Domingo,airport,OurAirports,59,11000
1251,Santander Airport,Santander,Spain,SDR,LEXJ,43.427101135253900,-3.82000994682312,1,E,Europe/Madrid,airport,OurAirports,16,7612
2612,Santos Dumont Airport,Rio De Janeiro,Brazil,SDU,SBRJ,-22.910499572800000,-43.1631011963,-3,S,America/Sao_Paulo,airport,OurAirports,11,4341
1605,Sde Dov Airport,Tel-aviv,Israel,SDV,LLSD,32.11470031738280,34.78219985961910,2,E,Asia/Jerusalem,airport,OurAirports,43,
3577,Seattle Tacoma International Airport,Seattle,United States,SEA,KSEA,47.449001,-122.308998,-8,A,America/Los_Angeles,airport,OurAirports,433,11901
508,Southend Airport,Southend,United Kingdom,SEN,EGMC,51.5713996887207,0.6955559849739080,0,E,Europe/London,airport,OurAirports,49,6089
994,Seychelles International Airport,Mahe,Seychelles,SEZ,FSIA,-4.67434,55.521801,4,U,Indian/Mahe,airport,OurAirports,10,9800
3469,San Francisco International Airport,San Francisco,United States,SFO,KSFO,37.61899948120120,-122.375,-8,A,America/Los_Angeles,airport,OurAirports,13,11870
3205,Tan Son Nhat International Airport,Ho Chi Minh City,Vietnam,SGN,VVTS,10.8187999725,106.652000427,7,U,Asia/Saigon,airport,OurAirports,33,12468
3391,Shanghai Hongqiao International Airport,Shanghai,China,SHA,ZSSS,31.197900772094700,121.33599853515600,8,U,Asia/Shanghai,airport,OurAirports,10,11154
4144,Taoxian Airport,Shenyang,China,SHE,ZYTX,41.639801025390600,123.48300170898400,8,U,Asia/Shanghai,airport,OurAirports,198,10499
2191,Sharjah International Airport,Sharjah,United Arab Emirates,SHJ,OMSJ,25.32859992980960,55.5172004699707,4,U,Asia/Dubai,airport,OurAirports,111,13320
2284,Nanki Shirahama Airport,Nanki-shirahama,Japan,SHM,RJBD,33.6622009277,135.363998413,9,U,Asia/Tokyo,airport,OurAirports,298,6560
5769,Sheridan County Airport,Sheridan,United States,SHR,KSHR,44.76919937133790,-106.9800033569340,-7,A,America/Denver,airport,OurAirports,4021,8301
3316,Singapore Changi Airport,Singapore,Singapore,SIN,WSSS,1.35019,103.994003,8,N,Asia/Singapore,airport,OurAirports,22,13123
3748,Norman Y. Mineta San Jose International Airport,San Jose,United States,SJC,KSJC,37.362598,-121.929001,-8,A,America/Los_Angeles,airport,OurAirports,62,11000
1885,Juan Santamaria International Airport,San Jose,Costa Rica,SJO,MROC,9.993860244750980,-84.20880126953130,-6,U,America/Costa_Rica,airport,OurAirports,3021,9882
1486,Thessaloniki Macedonia International Airport,Thessaloniki,Greece,SKG,LGTS,40.51969909667970,22.97089958190920,2,E,Europe/Athens,airport,OurAirports,22,11286
2476,Martin Miguel De Guemes International Airport,Salta,Argentina,SLA,SASA,-24.856000900300000,-65.4861984253,-3,N,America/Argentina/Salta,airport,OurAirports,4088,9842
3536,Salt Lake City International Airport,Salt Lake City,United States,SLC,KSLC,40.78839874267580,-111.97799682617200,-7,A,America/Denver,airport,OurAirports,4227,12002
5770,Adirondack Regional Airport,Saranac Lake,United States,SLK,KSLK,44.38529968261720,-74.2061996459961,-5,A,America/New_York,airport,OurAirports,1663,6573
3817,Sacramento International Airport,Sacramento,United States,SMF,KSMF,38.69540023803710,-121.59100341796900,-8,A,America/Los_Angeles,airport,OurAirports,27,8605
1476,Samos Airport,Samos,Greece,SMI,LGSM,37.689998626709000,26.911699295043900,2,E,Europe/Athens,airport,OurAirports,19,6706
2748,Simón Bolívar International Airport,Santa Marta,Colombia,SMR,SKSM,11.1196,-74.2306,-5,U,America/Bogota,airport,OurAirports,22,5577
603,Shannon Airport,Shannon,Ireland,SNN,EINN,52.702,-8.92482,0,E,Europe/Dublin,airport,OurAirports,46,10495
1194,Sofia Airport,Sofia,Bulgaria,SOF,LBSF,42.696693420410200,23.411436080932600,2,E,Europe/Sofia,airport,OurAirports,1742,11811
495,Southampton Airport,Southampton,United Kingdom,SOU,EGHI,50.95029830932620,-1.3567999601364100,0,E,Europe/London,airport,OurAirports,44,6191
1206,Split Airport,Split,Croatia,SPU,LDSP,43.53889846801760,16.29800033569340,1,E,Europe/Zagreb,airport,OurAirports,79,8366
2767,Juana Azurduy De Padilla Airport,Sucre,Bolivia,SRE,SLSU,-19.007099151611300,-65.2886962890625,-4,U,America/La_Paz,airport,OurAirports,10184,11811
3901,Achmad Yani Airport,Semarang,Indonesia,SRG,WARS,-6.97273,110.375,7,N,Asia/Jakarta,airport,OurAirports,10,8399
4067,Sarasota Bradenton International Airport,Sarasota,United States,SRQ,KSRQ,27.39539909362790,-82.55439758300780,-5,A,America/New_York,airport,OurAirports,30,9500
2621,Deputado Luiz Eduardo Magalhães International Airport,Salvador,Brazil,SSA,SBSV,-12.9086112976,-38.3224983215,-3,S,America/Fortaleza,airport,OurAirports,64,9859
4057,Sharm El Sheikh International Airport,Sharm El Sheikh,Egypt,SSH,HESH,27.9773006439,34.3950004578,2,N,Africa/Cairo,airport,OurAirports,191,10108
1764,Cibao International Airport,Santiago,Dominican Republic,STI,MDST,19.406099319458000,-70.60469818115230,-4,U,America/Santo_Domingo,airport,OurAirports,565,8595
548,London Stansted Airport,London,United Kingdom,STN,EGSS,51.8849983215,0.234999999404,0,E,Europe/London,airport,OurAirports,348,10003
350,Stuttgart Airport,Stuttgart,Germany,STR,EDDS,48.689899444600000,9.22196006775,1,E,Europe/Berlin,airport,OurAirports,1276,10974
2883,Cyril E. King Airport,St. Thomas,Virgin Islands,STT,TIST,18.337299346923800,-64.97339630126950,-4,U,America/St_Thomas,airport,OurAirports,23,7000
666,Stavanger Airport Sola,Stavanger,Norway,SVG,ENZV,58.876701354,5.6377801895,1,E,Europe/Oslo,airport,OurAirports,29,9369
2750,Eduardo Falla Solano Airport,San Vincente De Caguan,Colombia,SVI,SKSV,2.15217,-74.7663,-5,U,America/Bogota,airport,OurAirports,920,4921
1253,Sevilla Airport,Sevilla,Spain,SVQ,LEZL,37.417999267578100,-5.8931097984314000,1,E,Europe/Madrid,airport,OurAirports,112,11030
3661,Stewart International Airport,Newburgh,United States,SWF,KSWF,41.50410079956060,-74.10479736328130,-5,A,America/New_York,airport,OurAirports,491,11817
3112,Sheikh ul Alam Airport,Srinagar,India,SXR,VISR,33.987098693847700,74.77420043945310,5.5,N,Asia/Calcutta,airport,OurAirports,5429,12090
3361,Sydney Kingsford Smith International Airport,Sydney,Australia,SYD,YSSY,-33.94609832763670,151.177001953125,10,O,Australia/Sydney,airport,OurAirports,21,12999
3745,Syracuse Hancock International Airport,Syracuse,United States,SYR,KSYR,43.11119842529300,-76.1063003540039,-5,A,America/New_York,airport,OurAirports,421,9013
4030,Sanya Phoenix International Airport,Sanya,China,SYX,ZJSY,18.302900314331100,109.41200256347700,8,U,Asia/Shanghai,airport,OurAirports,92,11155
3408,Sultan Abdul Aziz Shah International Airport,Kuala Lumpur,Malaysia,SZB,WMSA,3.130579948425290,101.54900360107400,8,N,Asia/Kuala_Lumpur,airport,OurAirports,90,12401
1612,Salzburg Airport,Salzburg,Austria,SZG,LOWS,47.793300628700000,13.0043001175,1,E,Europe/Vienna,airport,OurAirports,1411,9022
3374,Shenzhen Bao'an International Airport,Shenzhen,China,SZX,ZGSZ,22.639299392700200,113.81099700927700,8,U,Asia/Shanghai,airport,OurAirports,13,12467
676,"Szczecin-Goleniów ""Solidarność"" Airport",Szczecin,Poland,SZZ,EPSC,53.584701538100000,14.902199745200000,1,E,Europe/Warsaw,airport,OurAirports,154,8202
2422,Daniel Z. Romualdez Airport,Tacloban,Philippines,TAC,RPVA,11.228035,125.027761,8,N,Asia/Manila,airport,OurAirports,10,7014
2381,Daegu Airport,Daegu,South Korea,TAE,RKTN,35.896872,128.65531,9,U,Asia/Seoul,airport,OurAirports,116,9039
3994,Tagbilaran Airport,Tagbilaran,Philippines,TAG,RPVT,9.665442,123.853533,8,N,Asia/Manila,airport,OurAirports,42,8202
3390,Liuting Airport,Qingdao,China,TAO,ZSQD,36.2661018372,120.374000549,8,U,Asia/Shanghai,airport,OurAirports,30,11811
416,Tartu Airport,Tartu,Estonia,TAY,EETU,58.3074989319,26.690399169900000,2,E,Europe/Tallinn,airport,OurAirports,220,5905
3665,Waynesville-St. Robert Regional Forney field,Fort Leonardwood,United States,TBN,KTBN,37.74160004,-92.14070129,-6,A,America/Chicago,airport,OurAirports,1159,6037
1057,Tenerife Norte Airport,Tenerife,Spain,TFN,GCXO,28.4827003479,-16.3414993286,0,E,Atlantic/Canary,airport,OurAirports,2076,10404
1056,Tenerife South Airport,Tenerife,Spain,TFS,GCTS,28.044500351,-16.5725002289,0,E,Atlantic/Canary,airport,OurAirports,209,10499
1847,General Abelardo L. Rodríguez International Airport,Tijuana,Mexico,TIJ,MMTJ,32.541099548339800,-116.97000122070300,-8,S,America/Tijuana,airport,OurAirports,489,9711
415,Lennart Meri Tallinn Airport,Tallinn-ulemiste International,Estonia,TLL,EETN,59.41329956050000,24.832799911500000,2,E,Europe/Tallinn,airport,OurAirports,131,11417
1273,Toulouse-Blagnac Airport,Toulouse,France,TLS,LFBO,43.629101,1.36382,1,E,Europe/Paris,airport,OurAirports,499,11483
1590,Ben Gurion International Airport,Tel-aviv,Israel,TLV,LLBG,32.01139831542970,34.88669967651370,2,E,Asia/Jerusalem,airport,OurAirports,135,13327
4108,Yaoqiang Airport,Jinan,China,TNA,ZSJN,36.857200622558600,117.21600341796900,8,U,Asia/Shanghai,airport,OurAirports,76,11812
1080,Ibn Batouta Airport,Tanger,Morocco,TNG,GMTT,35.726898193400000,-5.91689014435,0,N,Africa/Casablanca,airport,OurAirports,62,11483
918,Ivato Airport,Antananarivo,Madagascar,TNR,FMMI,-18.7969,47.478802,3,U,Indian/Antananarivo,airport,OurAirports,4198,10171
663,"Tromsø Airport,",Tromso,Norway,TOS,ENTC,69.68329620361330,18.918899536132800,1,E,Europe/Oslo,airport,OurAirports,31,8041
3646,Tampa International Airport,Tampa,United States,TPA,KTPA,27.975500106811500,-82.533203125,-5,A,America/New_York,airport,OurAirports,26,11002
2276,Taiwan Taoyuan International Airport,Taipei,Taiwan,TPE,RCTP,25.0777,121.233002,8,U,Asia/Taipei,airport,OurAirports,106,12008
665,Trondheim Airport Værnes,Trondheim,Norway,TRD,ENVA,63.4578018,10.9239998,1,E,Europe/Oslo,airport,OurAirports,56,9052
1526,Turin Airport,Torino,Italy,TRN,LIMF,45.200802,7.64963,1,E,Europe/Rome,airport,OurAirports,989,10827
1539,Treviso-Sant'Angelo Airport,Treviso,Italy,TSF,LIPH,45.648399,12.1944,1,E,Europe/Rome,airport,OurAirports,59,7941
3368,Tianjin Binhai International Airport,Tianjin,China,TSN,ZBTJ,39.124401092500000,117.346000671,8,U,Asia/Shanghai,airport,OurAirports,10,11811
1663,Timişoara Traian Vuia Airport,Timisoara,Romania,TSR,LRTR,45.809898376464800,21.337900161743200,2,E,Europe/Bucharest,airport,OurAirports,348,11483
3636,Tucson International Airport,Tucson,United States,TUS,KTUS,32.1161003112793,-110.94100189209000,-7,N,America/Phoenix,airport,OurAirports,2643,10996
351,Berlin-Tegel Airport,Berlin,Germany,TXL,EDDT,52.5597,13.2877,1,E,Europe/Berlin,airport,OurAirports,122,
3369,Taiyuan Wusu Airport,Taiyuan,China,TYN,ZBYN,37.74689865112310,112.62799835205100,8,U,Asia/Shanghai,airport,OurAirports,2575,10500
2688,Mariscal Sucre International Airport,Quito,Ecuador,UIO,SEQM,-0.129166666667,-78.3575,-5,U,America/Guayaquil,airport,OurAirports,7841,13445
7976,Ukunda Airstrip,Ukunda,Kenya,UKA,HKUK,-4.29333,39.571098,3,U,Africa/Nairobi,airport,OurAirports,98,3851
3943,Kobe Airport,Kobe,Japan,UKB,RJBE,34.6328010559082,135.2239990234380,9,U,Asia/Tokyo,airport,OurAirports,22,8202
3399,Ürümqi Diwopu International Airport,Urumqi,China,URC,ZWWW,43.907100677490200,87.47419738769530,8,U,Asia/Shanghai,airport,OurAirports,2125,11811
2497,Malvinas Argentinas Airport,Ushuaia,Argentina,USH,SAWH,-54.8433,-68.2958,-3,N,America/Argentina/Ushuaia,airport,OurAirports,102,9186
3177,Samui Airport,Ko Samui,Thailand,USM,VTSM,9.547789573670000,100.06199646,7,U,Asia/Bangkok,airport,OurAirports,64,6759
2374,Ulsan Airport,Ulsan,South Korea,USN,RKPU,35.59349823,129.352005005,9,U,Asia/Seoul,airport,OurAirports,45,6561
7313,Uyuni Airport,Uyuni,Bolivia,UYU,SLUY,-20.446300506600000,-66.8483963013,-4,U,America/La_Paz,airport,OurAirports,11136,13123
1196,Varna Airport,Varna,Bulgaria,VAR,LBWN,43.232101,27.8251,2,E,Europe/Sofia,airport,OurAirports,230,8258
1551,Venice Marco Polo Airport,Venice,Italy,VCE,LIPZ,45.505299,12.3519,1,E,Europe/Rome,airport,OurAirports,7,10827
6190,Co Ong Airport,Conson,Vietnam,VCS,VVCS,8.73183,106.633003,7,U,Asia/Saigon,airport,OurAirports,20,6004
1613,Vienna International Airport,Vienna,Austria,VIE,LOWW,48.110298156738,16.569700241089,1,E,Europe/Vienna,airport,OurAirports,600,11811
1246,Valencia Airport,Valencia,Spain,VLC,LEVC,39.4893,-0.481625,1,E,Europe/Madrid,airport,OurAirports,240,8858
3959,Vilnius International Airport,Vilnius,Lithuania,VNO,EYVI,54.634102,25.285801,2,E,Europe/Vilnius,airport,OurAirports,648,8251
679,Warsaw Chopin Airport,Warsaw,Poland,WAW,EPWA,52.1656990051,20.967100143400000,1,E,Europe/Warsaw,airport,OurAirports,362,12106
1147,Nairobi Wilson Airport,Nairobi,Kenya,WIL,HKNW,-1.321720004081730,36.81480026245120,3,U,Africa/Nairobi,airport,OurAirports,5536,5052
2042,Wellington International Airport,Wellington,New Zealand,WLG,NZWN,-41.3272018433,174.804992676,12,Z,Pacific/Auckland,airport,OurAirports,41,6352
8414,Modlin Airport,Warsaw,Poland,WMI,EPMO,52.451099,20.6518,1,E,Europe/Warsaw,airport,OurAirports,341,8202
6392,Wenzhou Longwan International Airport,Wenzhou,China,WNZ,ZSWZ,27.912201,120.851997,8,U,Asia/Shanghai,airport,OurAirports,13,10499
2045,Whangarei Airport,Whangarei,New Zealand,WRE,NZWR,-35.7682991027832,174.36500549316400,12,Z,Pacific/Auckland,airport,OurAirports,133,3599
680,Copernicus Wrocław Airport,Wroclaw,Poland,WRO,EPWR,51.1026992798,16.885799408,1,E,Europe/Warsaw,airport,OurAirports,404,8212
3376,Wuhan Tianhe International Airport,Wuhan,China,WUH,ZHHH,30.7838,114.208,8,U,Asia/Shanghai,airport,OurAirports,113,11811
362,Hamburg-Finkenwerder Airport,Hamburg,Germany,XFW,EDHI,53.5352783203125,9.835556030273440,1,E,Europe/Berlin,airport,OurAirports,23,8629
3379,Xi'an Xianyang International Airport,Xi'an,China,XIY,ZLXY,34.447102,108.751999,8,U,Asia/Shanghai,airport,OurAirports,1572,12467
3383,Xiamen Gaoqi International Airport,Xiamen,China,XMN,ZSAM,24.54400062561040,118.12799835205100,8,U,Asia/Shanghai,airport,OurAirports,59,11155
1226,Jerez Airport,Jerez,Spain,XRY,LEJR,36.744598388671900,-6.060110092163090,1,E,Europe/Madrid,airport,OurAirports,93,7546
45,Deer Lake Airport,Deer Lake,Canada,YDF,CYDF,49.21080017089840,-57.39139938354490,-3.5,A,America/St_Johns,airport,OurAirports,72,8005
49,Edmonton International Airport,Edmonton,Canada,YEG,CYEG,53.309700012200000,-113.580001831,-7,A,America/Edmonton,airport,OurAirports,2373,11000
56,Fredericton Airport,Fredericton,Canada,YFC,CYFC,45.868900299072300,-66.53720092773440,-4,A,America/Halifax,airport,OurAirports,68,8005
61,Kingston Norman Rogers Airport,Kingston,Canada,YGK,CYGK,44.22529983520510,-76.5969009399414,-5,A,America/Toronto,airport,OurAirports,305,6001
70,John C. Munro Hamilton International Airport,Hamilton,Canada,YHM,CYHM,43.173599243200000,-79.93499755860000,-5,A,America/Toronto,airport,OurAirports,780,10006
73,Halifax / Stanfield International Airport,Halifax,Canada,YHZ,CYHZ,44.8807983398,-63.5085983276,-4,A,America/Halifax,airport,OurAirports,477,10500
79,Waterloo Airport,Waterloo,Canada,YKF,CYKF,43.460800170900000,-80.3786010742,-5,A,America/Toronto,airport,OurAirports,1054,7003
87,Kelowna International Airport,Kelowna,Canada,YLW,CYLW,49.9561004639,-119.377998352,-8,A,America/Vancouver,airport,OurAirports,1421,8900
3392,Yantai Laishan Airport,Yantai,China,YNT,ZSYT,37.40169906616210,121.37200164794900,8,U,Asia/Shanghai,airport,OurAirports,154,11155
100,Ottawa Macdonald-Cartier International Airport,Ottawa,Canada,YOW,CYOW,45.3224983215332,-75.66919708251950,-5,A,America/Toronto,airport,OurAirports,374,10000
111,Quebec Jean Lesage International Airport,Quebec,Canada,YQB,CYQB,46.7911,-71.393303,-5,A,America/Toronto,airport,OurAirports,244,9000
120,Regina International Airport,Regina,Canada,YQR,CYQR,50.43190002441410,-104.66600036621100,-6,N,America/Regina,airport,OurAirports,1894,7900
121,Thunder Bay Airport,Thunder Bay,Canada,YQT,CYQT,48.37189865112310,-89.32389831542970,-5,A,America/Toronto,airport,OurAirports,653,7318
125,Gander International Airport,Gander,Canada,YQX,CYQX,48.9369010925293,-54.56809997558590,-3.5,A,America/St_Johns,airport,OurAirports,496,10200
126,Sydney / J.A. Douglas McCurdy Airport,Sydney,Canada,YQY,CYQY,46.1614,-60.047798,-4,A,America/Halifax,airport,OurAirports,203,7070
146,Montreal / Pierre Elliott Trudeau International Airport,Montreal,Canada,YUL,CYUL,45.4706001282,-73.7407989502,-5,A,America/Toronto,airport,OurAirports,118,11000
156,Vancouver International Airport,Vancouver,Canada,YVR,CYVR,49.193901062,-123.183998108,-8,A,America/Vancouver,airport,OurAirports,14,11500
160,Winnipeg / James Armstrong Richardson International Airport,Winnipeg,Canada,YWG,CYWG,49.909999847400000,-97.2398986816,-6,A,America/Winnipeg,airport,OurAirports,783,11000
166,Saskatoon John G. Diefenbaker International Airport,Saskatoon,Canada,YXE,CYXE,52.170799255371100,-106.69999694824200,-6,N,America/Regina,airport,OurAirports,1653,8300
167,Medicine Hat Airport,Medicine Hat,Canada,YXH,CYXH,50.01890182495120,-110.72100067138700,-7,A,America/Edmonton,airport,OurAirports,2352,5000
172,Prince George Airport,Prince George,Canada,YXS,CYXS,53.8894004822,-122.679000854,-8,A,America/Vancouver,airport,OurAirports,2267,11450
175,Abbotsford Airport,Abbotsford,Canada,YXX,CYXX,49.025299072265600,-122.36100006103500,-8,A,America/Vancouver,airport,OurAirports,195,9600
176,Whitehorse / Erik Nielsen International Airport,Whitehorse,Canada,YXY,CYXY,60.7095985413,-135.067001343,-8,A,America/Vancouver,airport,OurAirports,2317,9497
178,Calgary International Airport,Calgary,Canada,YYC,CYYC,51.113899231,-114.019996643,-7,A,America/Edmonton,airport,OurAirports,3557,14000
182,Charlottetown Airport,Charlottetown,Canada,YYG,CYYG,46.290000915527300,-63.12110137939450,-4,A,America/Halifax,airport,OurAirports,160,7002
184,Victoria International Airport,Victoria,Canada,YYJ,CYYJ,48.646900177,-123.426002502,-8,A,America/Vancouver,airport,OurAirports,63,7000
187,Churchill Airport,Churchill,Canada,YYQ,CYYQ,58.739200592041000,-94.06500244140630,-6,A,America/Winnipeg,airport,OurAirports,94,9200
189,St. John's International Airport,St. John's,Canada,YYT,CYYT,47.618598938,-52.7518997192,-3.5,A,America/St_Johns,airport,OurAirports,461,8502
193,Lester B. Pearson International Airport,Toronto,Canada,YYZ,CYYZ,43.6772003174,-79.63059997560000,-5,A,America/Toronto,airport,OurAirports,569,11120
196,Yellowknife Airport,Yellowknife,Canada,YZF,CYZF,62.462799072265600,-114.44000244140600,-7,A,America/Edmonton,airport,OurAirports,675,7500
1209,Zadar Airport,Zadar,Croatia,ZAD,LDZD,44.108299,15.3467,1,E,Europe/Zagreb,airport,OurAirports,289,8202
1208,Zagreb Airport,Zagreb,Croatia,ZAG,LDZA,45.7429008484,16.0687999725,1,E,Europe/Zagreb,airport,OurAirports,353,10669
1252,Zaragoza Air Base,Zaragoza,Spain,ZAZ,LEZG,41.66619873046880,-1.0415500402450600,1,E,Europe/Madrid,airport,OurAirports,863,12198
2030,Queenstown International Airport,Queenstown International,New Zealand,ZQN,NZQN,-45.0210990906,168.738998413,12,Z,Pacific/Auckland,airport,OurAirports,1171,6204
1678,Zürich Airport,Zurich,Switzerland,ZRH,LSZH,47.464699,8.54917,1,E,Europe/Zurich,airport,OurAirports,1417,12139
1488,"Zakynthos International Airport ""Dionysios Solomos""",Zakynthos,Greece,ZTH,LGZA,37.7509,20.8843,2,E,Europe/Athens,airport,OurAirports,12,7310